,MONITORING_LOCATION,STREAM_NAME
1,ELK RIVER ABOVE HIGHWAY 93,Elk River
2,ELK RIVER ABOVE GRAVE CREEK AT ABANDONED SUSPENSION BRIDGE,Elk River
3,FORDING RIVER BELOW LINE CREEK,Fording River
4,LINE CR (PE5353) LINE CR AT CANYON MOUTH,Line Creek
5,EVCC -ELKVIEW  (PE425) ERICKSON CREEK AT MOUTH,Erickson Creek
6,ELK RIVER BELOW SPARWOOD,Elk River
7,ELK RIVER ABOVE MICHEL CREEK,Elk River
8,FORDING RIVER U/S OF KILMARNOCK CR (FR_FR2),Fording River
9,MICHEL CREEK ABOVE ERICKSON CREEK,Michel Creek
10,CORBIN CR U/S MICHEL CR,Corbin Creek
11,FORDING RIVER D/S OF HENRETTA CREEK,Fording River
12,ELK VALLEY COAL F/R   (PE424) KILMARNOCK CR D/S DRAIN,Kilmarnock Creek
13,LINE CR (PE5353) LINE CR U/S MINE SERVICES,Line Creek
14,LINE CR (PE5353) LINE CR ABOVE SOUTH LINE CR,Line Creek
15,FORDING RIVER 200 METRES BELOW GREENHILLS CR.,Fording River
16,ELK VALLEY COAL G/H (PE6248) MICKELSON CR U/S ELK R.,Mickelson Creek
17,ELK RIVER ABOVE GREENHILLS MINING OPERATION,Elk River
18,ELK R. BELOW MICHEL C. AT C.P.R. ROADHOUSE,Elk River
19,ELK VALLEY COAL G/H (PE6248) THOMPSON CR POND BYPASS,
20,ELK RIVER ABOVE BOIVIN CREEK,Elk River
21,LINE CREEK U/S MSA NORTH PITS,Line Creek
22,FORDING RIVER ABOVE HENRETTA CREEK,Fording River
23,ELK VALLEY COAL; HENRETTA CR. ABOVE FORDING R.,Henretta Creek
24,LINE CR RES; NORTH HORSESHOE CREEK,Line Creek
25,FORDING RIVER ABOVE CHAUNCEY CREEK,Fording River
26,MICHEL CREEK U/S COAL MOUNTAIN OPERATIONS,Michel Creek
27,MICHEL CREEK D/S COAL MTN OPERATIONS U/S OF ANDY GOOD CR.,Michel Creek
28,WEST LINE CREEK,West Line Creek
29,ELK05 ELK RIVER,Elk River
30,SOUTH LINE CREEK,South Line Creek
31,COUGAR CREEK @ LRP ROAD,Cougar Creek
32,WADE CREEK @ LRP ROAD,Wade Creek
33,BRANCH F @ LRP ROAD,
34,DRY CR. U/S OF FORDING MINE ROAD (LC_DC1),Dry Creek
35,LINE CREEK OPERATIONS - FORDING RIVER DOWNSTREAM OF DRY CREEK,Fording River
36,DRY CR. U/S HEADPOND  (LC_DC3),Dry Creek
37,LINE CREEK OPERATIONS - EAST TRIBUTARY CREEK (LC_DCEF),East Tributary Creek
38,GRACE CR. U/S CP RAIL TRACKS  (LC_GRCK),Grace Creek
39,LINE CREEK U/S OF WEST LINE CREEK,Line Creek
40,ELK RIVER AT ELKO RESEVOIR,Elk River
41,DRY CR. D/S SEDIMENT PONDS OUTLET  (LC_DCDS),Dry Creek
42,LINE CREEK OPERATIONS- UNNAMED CREEK,Unnamed Creek
43,LINE CREEK OPERATION- CHAUNCEY CREEK,Chauncey Creek
44,FORDING R. D/S OF DRY CR.  (LC_FRUS),Fording River
45,PE-5353 LINE CREEK D/S OF SOUTH LINE CREEK CONFLUENCE,Line Creek
46,DRY CREEK SED. POND DECANT (EVO),Dry Creek
47,FENNELON CREEK AT CFI ROAD (EVO),Fennelon Creek
48,BALMER CREEK AT CFI ROAD (EVO),Balmer Creek
49,THRESHER CREEK AT MILLIGAN ROAD (EVO),Thresher Creek
50,SPRING CREEK U/S OF CONFLUENCE WITH AQUEDUCT CREEK (EVO),Spring Creek
51,FORDING RIVER 525M D/S CATARACT CK,Fording River
52,HENRETTA CREEK U/S OF MCQUARRIE CREEK,Henretta Creek
53,FORDING RIVER NEAR FORDING RIVER ROAD (FR_FRRD),Fording River
54,AQ CONTROL,
55,WILLOW POND,Willow Pond
56,WOLF CREEK POND,Wolf Creek Pond
57,NO NAME CREEK,
58,ELK RIVER SIDE CHANNEL D/S OF WOLFRAM CREEK,Elk River
59,ELK RIVER D/S OF THOMPSON CREEK,Elk River
60,ELK RIVER SIDE CHANNEL U/S WOLFRAM CREEK,Elk River
61,GREENHILLS CREEK D/S OF SED POND DECANT (GH_GH2),Greenhills Creek
62,MICHEL CREEK U/S OF BODIE AND GATE CREEK,Michel Creek
63,FR_FR3 FORDING RIVER UPSTREAM OF FRO AWTF-S OUTFALL STRUCTURE,Fording River
64,FR_SCOUTDS FORDING RIVER DOWNSTREAM OF FRO AWTF-S OUTFALL STRUCTURE,Fording River
65,GH_CA04,
66,ERICKSON CREEK IMMEDIATELY D/S OF EVO SRF OUTFALL (EV_ECOUT),Erickson Creek
67,FORDING RIVER DOWNSTREAM OF CLODE PONDS DISCHARGE,Fording River
68,MICHEL CR. U/S CMO (RG_MI25),Michel Creek
69,LEACH CR. NEAR MOUTH (RG_LE1),Leach Creek
70,"ANDY GOOD CR., U/S COAL MOUNTAIN MINE (RG_AGCK)",Andy Good Creek
71,"ALEXANDER CR., NEAR BEND TO WEST (RG_ALUSM)",Alexander Creek
72,"HENRETTA CR., U/S FRO (RG_HENUP)",Henretta Creek
73,FORDING R. U/S HENRETTA CR. AND FRO (RG_FO26),Fording River
74,SOUTH LINE CR. U/S LCO (RG_SLINE),South Line Creek
75,"LINE CR., SOUTH FORK U/S LCO (RG_LI24)",Line Creek
76,"WIGWAM R., LOWER RIVER (RG_WWRL)",Wigwam River
77,"UNNAMED CREEK, WEST SIDE ELK R. (RG_UCWER)",
78,ELK R. U/S BRANCH CR. AND GHO (RG_ELUGH),Elk River
79,CHAUNCEY CR. U/S RAIL BRIDGE (RG_CHCK),Chauncey Creek
80,MICHEL CR. U/S LEACH CR. (RG_MIULE),Michel Creek
81,MICHEL CR. U/S CORBIN CR. (RG_MIUCO),Michel Creek
82,"MICHEL CR. D/S CORBIN CR., U/S ANDY GOOD CR. (RG_MIDCO)",Michel Creek
83,MICHEL CR. D/S ANDY GOOD CR. (RG_MIDAG),Michel Creek
84,MICHEL CR. U/S WHEELER CR. (RG_MI5),Michel Creek
85,CORBIN CR. NEAR MOUTH AND D/S CMO (RG_CORCK),Corbin Creek
86,GATE CR. D/S SETTLING POND (RG_GATEDP),Gate Creek
87,ERICKSON CR. U/S EVO SRF OUTFALL (RG_ERCKUT),Erickson Creek
88,MICHEL CR. D/S GATE CR. (RG_MIDGA),Michel Creek
89,MICHEL CR. D/S ERICKSON CR. (RG_MIDER),Michel Creek
90,MICHEL CR. D/S BODIE CR. (RG_MIDBO),Michel Creek
91,MICHEL CR. AT LOWER MICHEL CR. COMPLIANCE POINT (RG_MICOMP),Michel Creek
92,MICHEL CR. U/S ERICKSON CR. (RG_MI3),Michel Creek
93,ERICKSON CR. NEAR MOUTH (RG_ERCK),Erickson Creek
94,BODIE CR. D/S BODIE POND (RG_BOCK),Bodie Creek
95,FORDING R. U/S HENRETTA CR. AND FRO (RG_UFR1),Fording River
96,FORDING RIVER SIDE CHANNEL 2 BEGINNING D/S OF FRCP1SW (RG_FRSCH2),Fording River
97,GREENHOUSE SIDE CHANNEL CONNECTING WITH FORDING R. D/S OF FRUPO (RG_FRGHSC),Harmer Creek
98,FORDING RIVER U/S OF EAGLE PIT POND DECANT. (FR_FRABEC1),Fording River
99,"FORDING R. D/S SWIFT BRIDGE, D/S FRO AWTF-S, U/S KIMARNOCK (RG_SCOUTDS)",Fording River
100,FORDING R. D/S MULTIPLATE CULVERT (RG_MP1),Fording River
101,FORDING RIVER D/S HISTORICAL COMPLIANCE POINT (1KM SOUTHWEST) (RG_FRCP1SW),Fording River
102,FORDING R. U/S SHANDLEY CR. (RG_FOUSH),Fording River
103,FORDING R. U/S LAKE MOUNTAIN CREEK (RG_FOUNGD),Fording River
104,FORDING R. U/S KILMARNOCK CR.  (RG_FOUKI),Fording River
105,"FORDING R. D/S CHAUNCEY CR., U/S EWIN CR. (RG_FOUEW)",Fording River
106,FORDING R. U/S CLODE CREEK  (RG_FOUCL),Fording River
107,"FORDING R. D/S PORTER CR., U/S CHAUNCEY CR. (RG_FODPO)",Fording River
108,FORDING R. D/S LAKE MOUNTAIN CK  (OLD N. GREENHILLS DIVERSION) (RG_FODNGD),Fording River
109,FORDING R. D/S HENRETTA CR. (RG_FODHE),Fording River
110,FORDING R. D/S GHO AND GREENHILLS CR. (RG_FODGH),Fording River
111,"FORDING R. D/S RG_SCOUTDS, U/S HISTORICAL COMPLIANCE POINT (RG_FOBSC)",Fording River
112,"FORDING R. U/S SWIFT BRIDGE, U/S FRO AWTF-S (RG_FOBKS)",Fording River
113,FORDING R. AT HISTORICAL FRO COMPLIANCE POINT (RG_FOBCP),Fording River
114,FORDING R. U/S CHAUNCEY CR. (RG_FO22),Fording River
115,DRY CR. 1.6 KM D/S SEDIMENT PONDS OUTLET (LC_DC4),Dry Creek
116,DRY CR. APPROX. 0.6 KM D/S SEDIMENT PONDS OUTLET (LC_DC2),Dry Creek
117,FORDING R. U/S OF DRY CR. (LC_FRB),Fording River
118,"LINE CR. D/S LC_WTF_OUT, 50 M D/S CONTINGENCY POND DISCHARGE (RG_LISP24)",Line Creek
119,LINE CR. D/S COMPLIANCE POINT (RG_LIDCOM),Line Creek
120,LINE CR. D/S WEST LINE CR. AND AWTF OUTFALL (RG_LILC3),Line Creek
121,LINE CR. D/S SOUTH LINE (RG_LIDSL),Line Creek
122,LINE CR. CANYON (RG_LI8),Line Creek
123,"LINE CR. D/S ROCK DRAIN, U/S WEST LINE CR. AND AWTF OUTFALL (RG_LCUT)",Line Creek
124,"FORDING R. D/S GRACE CR., U/S LINE CR.  (RG_FRUL)",Fording River
125,FORDING R. D/S LINE CREEK (RG_FO23),Fording River
126,"THOMPSON CR., LOWER CREEK (RG_THCK)",Thompson Creek
127,MICHEL CR. D/S EVO AND AQUEDUCT CREEK (RG_MI2),Michel Creek
128,"KILMARNOCK CR. D/S OF ROCK DRAIN, U/S ROAD CROSSING (RG_KICK)",Kilmarnock Creek
129,HENRETTA CR. D/S HENRETTA LAKE (RG_HENFO),Henretta Creek
130,HARMER CR. U/S HARMER POND (RG_HACKUS),Harmer Creek
131,HARMER CR. D/S DAM/SPILLWAY AT D/S END OF HARMER POND (RG_HACKDS),Harmer Creek
132,GRAVE CR. NEAR MOUTH AT ELK R. (RG_GRDS),Grave Creek
133,GREENHILLS CR. D/S GREENHILLS POND (RG_GHCKD),Greenhills Creek
134,FISH POND CR. NEAR MOUTH (RG_FC1),Fish Pond
135,ELK RIVER SIDE CHANNEL D/S OF WOLFRAM CR. (RG_ERSC5),Elk River
136,ELK R. SIDE CHANNEL U/S  WOLFRAM CR. (RG_ERSC4),Elk River
137,"ELK R. D/S GHO, U/S FORDING R. AND U/S BOIVIN CR. (RG_ELUEL)",Elk River
138,ELK R. U/S HWY 93 BRIDGE AND ELK R. MOUTH AT KOOCANUSA RESERVOIR (RG_ELH93),Elk River
139,ELK R. U/S ELKO (RG_ELELKO),Elk River
140,ELK R. D/S FERNIE (RG_ELDFE),Elk River
141,ELK R. D/S THOMPSON CR. AND GHO (RG_EL20),Elk River
142,"ELK R. D/S FORDING R., U/S GRAVE CR.  (RG_EL19)",Elk River
143,"ELK R. D/S SPARWOOD & MICHEL CR., D/S EV_ER1 (RG_EL1)",Elk River
144,CLODE CR. NEAR MOUTH (RG_CLODE),Clode Creek
145,BALMER CR. AT CFI ROAD (RG_BACK),Balmer Creek
146,HARMER RESERVOIR UPSTREAM OF THE RESERVOIR INLET (EV_HASP_US),Harmer Reservoir
147,MICHEL CREEK BELOW ERICKSON CREEK (EV_MC3A),Michel Creek
148,ERICKSON CR. D/S EVO SRF OUTFALL (RG_ERCKDT),Erickson Creek
149,UPSTREAM OF GREENHILLS (GH_GH1SP_DS5),
150,BETWEEN SRF OUTFALL AND CONFLUENCE OF ERICKSON AND MICHEL CK (RG_ERCKMD ),SRF outfall
151,ERICKSON CREEK BRIDGE D/S OF THE ERICKSON INFILTRATION GALLERY (RG_ERCKBR),Erickson Creek
152,ERICKSON CREEK INFILTRATION GALLERY (RG_ERCKIG),Erickson Creek
153,ERICKSON CREEK UPSTREAM OF THE MICHEL CREEK CONFLUENCE. (RG_ERCKUC),Erickson Creek
154,BODIE ROCK DRAIN OUTLET UPSTREAM OF BODIE CREEK CONTROL POND (RG_BOCKRD),
155,SNYE ALONG FORDING RIVER (RG_SAFR),
156,UPPER ELK RIVER OXBOW (RG_EROU),
157,"ELK RIVER SIDE CHANNEL, WITHIN THE WETLAND D/S OF THOMPSON CK (RG_GH-SCW3)",Elk River
158,ELK RIVER SIDE-CHANNEL NEAR EVO (RG_ERWCO),Elk River
159,DOMIN ROAD SNYE (RG_DOMRS),
160,REACH 10 OF UPPER GREENHILLS CK (RG_GHUT),Greenhills Creek
161,REACH 9 OF UPPER GREENHILLS CK (RG_GHNF),Greenhills Creek
162,REACH 7 OF UPPER GREENHILLS CK D/S OF PROPOSED AAS (RG_GHDT),Greenhills Creek
163,REACH 6 OF UPPER GREENHILLS CK D/S OF GARDINE CREEK (RG_GHFF),Greenhills Creek
164,REACH 2 OF LOWER GREENHILLS CK D/S OF FORDING MINE RD (RG_GHBP),Greenhills Creek
165,REACH 4 OF GARDINE CREEK U/S FROM GHO CCR (RG_GAUT),Gardine Creek
166,REACH 1 OF GARDINE CK U/S UPPER GREENHILLS CK D/S GHO CCR (RG_GANF),Gardine Creek
167,GRASSY CREEK  (RG_GRASSY),Grassy Creek
168,WEST EXFILTRATION DITCH (RG_WED),
169,DOWNSTREAM OF GREENHILLS CREEK IN THE FORDING RIVER (GH_GH1SP_DS6),Fording River
170,ELK RIVER U/S OF W. FERNIE HWY 3 BRIDGE. (RG_ELKFERNIE),Elk River
171,FORDING RIVER D/S OF THE FRO AWTF-S OUTFALL AND U/S OF RG_SCOUTDS,Fording River
172,HARMER CREEK DOWNSTREAM OF THE HARMER DAM (EV_HCDSDAM),Harmer Creek
173,UPSTREAM OF THE INLET TO DRY CREEK (EV_DC2A),Upstream Of
174,D/S OF EVO DRY CREEK OUTFALL LOCATION (EV_DCOUT),Dry Creek
175,"FORDING RIVER D/S OF SWIFT CREEK, U/S OF CATARACT CR (FR_FR4)",Fording River
176,FORDING RIVER D/S OF MULTIPLATE (FR_MULTIPLATE),Fording River
177,MICHEL CREEK AT SPARWOOD (1983) BRIDGE,Michel Creek
178,ELK RIVER ABOVE LINDSAY CREEK,Elk River
179,FORDING RIVER ABOVE LINE CREEK,Fording River
180,ELK RIVER D/S OF FAR MSR DISCHARGE,Elk River
181,WILLOW CREEK NORTH @ LRP ROAD,Willow Creek
182,ELK RIVER ABOVE SPARWOOD STP,Elk River
183,LINE CR RES; NO NAME CR. BELOW GATE WEIR(OLD),Line Creek
184,ELK VALLEY COAL  G/H (PE6248) WOLFRAM CR U/S ELK RIVER,Wolfram Creek
185,WHEELER CREEK AT NORTH WHEELER BRIDGE,Wheeler Creek
186,MICHEL CREEK AT NATAL BRIDGE,Michel Creek
187,ELK RIVER @ ELK BRIDGE ABOVE HYDRO DAM,Elk River
188,ELK RIVER BELOW OLD ELKFORD STP,Elk River
189,MICHEL CREEK D/S COAL MTN OPERATIONS,Michel Creek
190,ELK RIVER ABOVE LIZARD CREEK,Elk River
191,ELK VALLEY COAL  G/H (PE6248) LEASK CR U/S ELK RIVER,Leask Creek
192,LEACH CREEK AT MOUTH,Leach Creek
193,ELK R. ABOVE ELKVIEW COARSE REFUSE AREA C,Elk River
194,ELK03 QUARRIE CREEK,Quarrie Creek
195,ELK RIVER AT HOSMER BRIDGE,Elk River
196,ELK VALLEY COAL; HENRETTA CR. ABOVE MCMILLAN CR.,Henretta Creek
197,NORTH LODGEPOLE CREEK,North Lodgepole Creek
198,WOLF CREEK @ LRP ROAD,Wolf Creek
199,WIGWAM RIVER ABOVE BIGHORN CREEK,Wigwam River
200,ELK RIVER ABOVE MORRISSEY PARK BRIDGE,Elk River
201,MICHEL CREEK BELOW LEACH CREEK,Michel Creek
202,FERNIE LANDFILL SURFACE WATER SITE SW-07,Fernie Landfill
203,ELK RIVER IDZ OF FAR MSR DISCHARGE,Elk River
204,FERNIE LANDFILL SURFACE WATER SAMPLING SITE SW-01,Fernie Landfill
205,ELK RIVER ABOVE OLD ELKFORD STP,Elk River
206,FORDING RIVER AT FORDING RIVER BRIDGE,Fording River
207,SWIFT CREEK AT MOUTH OF SWIFT,Swift Creek
208,MICHEL CREEK U/S COAL MTN OPERATIONS,Michel Creek
209,FORDING COAL; KILMARNOCK CR U/S OF ROCK DRAIN,Fording River
210,ELK RIVER BELOW LIZARD CREEK,Elk River
211,MICHEL CREEK ABOVE ALEXANDER CREEK,Michel Creek
212,FORDING RIVER U/S CHAUNCEY CREEK,Fording River
213,FORDING RIVER D/S CHAUNCEY,Fording River
214,LINE CREEK OPERATIONS - FORDING RIVER UPSTREAM OF DRY CREEK,Fording River
215,ELK RIVER AT FERNIE,Elk River
216,DRY CREEK,Dry Creek
217,FORDING RIVER DOWNSTREAM OF PORTER CREEK,Fording River
218,WILLOW CREEK SOUTH @ LRP ROAD,Willow Creek
219,FERNIE LANDFILL SURFACE WATER SITE SW-03,Fernie Landfill
220,WIG03 DESOLATION CREEK,Desolation Creek
221,ELK RIVER AT HIGHWAY 93,Elk River
222,WIG05 WIGWAM RIVER,Wigwam River
223,FERNIE LANDFILL SURFACE WATER SITE SW-05,Fernie Landfill
224,FORDING RIVER AT MOUTH,Fording River
225,ELK RIVER ABOVE FORDING RIVER,Elk River
226,ELK02 BLEASEDELL CREEK,Bleasedell Creek
227,FERNIE LANDFILL SURFACE WATER SITE SW-02,Fernie Landfill
228,HARMER CREEK,Harmer Creek
229,WIG02 TED`S LAKE CREEK,Ted's Lake Creek
230,WIGWAM RIVER ABOVE DESOLATION CREEK,Wigwam River
231,FERNIE LANDFILL SURFACE WATER SITE SW-04 BLACK CREEK U/S,Fernie Landfill
232,CATARACT CREEK AT MOUTH OF CATARACT,Cataract Creek
233,ELK RIVER U/S OF FAR MSR DISCHARGE,Elk River
234,WIG04A LODGEPOLE CREEK,Lodgepole Creek
235,ELK R NEAR HEADWATERS,Elk River
236,CORBIN CREEK ABOVE BYRON CREEK COLLIERIES OP.,Corbin Creek
237,ELK RIVER ABOVE FIRST FERNIE STORM SEWER,Elk River
238,ELKVIEW COAL; BODIE CR AT MOUTH,Bodie Creek
239,WIG01 MULEY CREEK,Muley Creek
240,FORDING RIVER ABOVE PORTER CR.,Fording River
241,ELK RIVER BELOW FOURTH STORM SEWER,Elk River
242,ELK RIVER NEAR NATAL,Elk River
243,LINE CREEK AT MOUTH,Line Creek
244,ELK VALLEY COAL F/R   (PE424) KILMARNOCK CR U/S DRAIN,Kilmarnock Creek
245,WIGWAM RIVER-UNNAMED S4 TRIBUTARY AT U/S BOUNDARY CUTBLOCK 172,Wigwam River
246,WIG04 WIGWAM RIVER,Wigwam River
247,ELK RIVER BELOW SPARWOOD STP IDZ,Elk River
248,ELK RIVER 1 KM BELOW SPARWOOD STP,Elk River
249,ELK RIVER BETWEEN FORSYTH AND BINGAY CREEKS,Elk River
250,WIGWAM RIVER-BREWERY CREEK U/S ROAD,Brewery Creek
251,UNNAMED TRIBUTARY AT U/S BOUNDARY CUTBLOCK 168,
252,WIGWAM RIVER-BREWERY CREEK D/S OF ROAD,Brewery Creek
253,WIGWAM-UNNAMED TRIBUTARY AT D/S BOUNDARY CUTBLOCK 172,Wigwam River
254,WIGWAM RIVER-UNNAMED TRIBUTARYAT D/S BOUNDARY CUTBLOCK 168,Wigwam River
255,ALEXANDER CR AT  MOUTH,Alexander Creek
256,ELK04 CADORNA CREEK,Cadorona Creek
257,MICHEL CREEK AT MICHEL BRIDGE,Michel Creek
258,FORDING RIVER D/S DRY CREEK,Fording River
259,ELK RIVER ABOVE FERNIE STP OUTFALL,Elk River
260,ELK R. BELOW NEW ELKFORD STP,Elk River
261,WIGWAM RIVER ABOVE BREWERY CREEK,Wigwam River
262,WIGWAM RIVER-DESOLATION CREEK BELOW BRIDGE,Desolation Creek
263,WIGWAM RIVER-DESOLATION CREEK AT BRIDGE,Desolation Creek
264,MICHEL CREEK NEAR MOUTH,Michel Creek
265,ELK RIVER BELOW FERNIE STP,Elk River
266,ALEXANDER CREEK U/S OF ALBERTA NATURAL GAS DISCHARGE,Alexander Creek
267,LINE CREEK AT FISH FENCE,Line Creek
268,UPPER THOMPSON POND INLET,
269,ELK RIVER ABOVE WEIGERT CREEK,Elk River
270,MICHEL C. BELOW COLEMAN COLLIEIES S. POND,Michel Creek
271,ELK RIVER BELOW FIRST FERNIE STORM SEWER,Elk River
272,DOWNSTREAM OF HARMER CREEK ON GRAVE CREEK (EV_HASP_DS5),Grave Creek
273,MICHEL CREEK BELOW LEACH CREEK AND ABOVE WHEELER CREEK,Michel Creek
274,ELK RIVER 366M D/S FERNIE HWY. 3 BRIDGE,Elk River
275,MANALTA COAL (PE-3986) SETTLING POND INFLUENT,
276,FORDING RIVER D/S TODHUNTER CREEK,Fording River
277,LEACH CR. NEAR MOUTH,Leach Creek
278,FORDING RIVER ABOVE HENRETTA CREEK #2,Fording River
279,MICHEL CREEK AT HIGHWAY 3 BRIDGE,Michel Creek
280,WIGWAM RIVER ABOVE TEDS CREEK,Wigwam River
281,FORDING RIVER ABOVE SWIFT CREEK,Fording River
282,MICHEL CREEK ABOVE ALEXANDER CREEK AT RAILWAY BRIDGE,Michel Creek
283,ELK RIVER BELOW THIRD STORM SEWER,Elk River
284,ELK RIVER ABOVE GRAVE CREEK,Elk River
285,ELK RIVER ABOVE CADORNA CREEK,Elk River
286,ELK RIVER ABOVE ALDRIDGE CREEK,Elk River
