MONITORING_LOCATION_ID,,PRESUMED_OWNER,MONITORING_STATION_NAME,DESCRIPTION,PERMIT_ID,PERMIT_RELATIONSHIP,LOC_PRPSD,LOC_TY_CD,LATITUDE,LONGITUDE,ELEVATION,FRT_SMP_DT,LST_SMP_DT,SMPL_CNT,RSLT_CNT,SAMPLING_AGENCY,ANALYZING_AGENCY
0200016,,ECCC,ELK RIVER ABOVE HIGHWAY 93,ELK RIVER ABOVE HIGHWAY 93/ ELK 02 / BC08NK0003,,,2,21,49.1797,115.16702,,19680813123000,20230731104000,3578,68880,Water Quality,Bureau Veritas Laboratories (Maxxam)
0200024,,Unknown,ELK RIVER AT HOSMER BRIDGE,Elk River at Hosmer Bridge: FIRST BC HWY 3 BRIDGE WEST OF HOSMER RIVER MILE 45.5 100 METERS D/S OF BRIDGE ON RIGHT BANK,,,2,21,49.5856,114.9678,,19690728110000,19851105143000,206,2400,"Kootenay, Nelson",Equis Environmental Lab
0200025,,Unknown,MICHEL CREEK AT NATAL BRIDGE,Michel Creek at Natal Bridge: FIRST BC HWY 3 BRIDGE EAST OF SPARWOOD RIVER MILE 2.0,,,2,21,49.7292,114.8561,,19690728100000,20070928173000,411,4682,"Kootenay, Cranbrook",Bureau Veritas Laboratories (Maxxam)
0200027,,Teck,ELK RIVER ABOVE GRAVE CREEK AT ABANDONED SUSPENSION BRIDGE,Elkview Operations - Order Station - monitor success of EVWQP - Receiving environment - Elk River upstream of Grave Creek (between Fording River and Michel Creek),425,CONTROL,1,21,49.866488,114.868706,,19690728090000,20230626091100,1650,30888,"Kootenay, Cranbrook",ALS Global
0200028,,Teck,FORDING RIVER BELOW LINE CREEK,Line Creek Operations - Order Station - monitor the success of EVWQP - Receiving environment - Fording River downstream of LCO (lower Fording River),5353,DOWNCURRENT/DOWNWIND,2,21,49.89313,114.869931,,19690728080000,20230626145000,1579,33679,Permittee,ALS Global
0200039,,District of Elkford,Elk River below old Elkford Stp,Elk River below old Elkford Stp,454,DOWNCURRENT/DOWNWIND,2,21,50.0144,114.9111,,19710625093000,19851105102000,208,1549,Water Quality,Equis Environmental Lab
0200041,,Unknown,ELK R NEAR HEADWATERS,Elk River near headwaters,,,1,21,50.4417,114.9453,,19710727121500,20030422110900,18,158,Federal,JR Laboratories Inc.
0200044,,Teck,LINE CR (PE5353) LINE CR AT CANYON MOUTH,Line Creek Operations u/s of Process Plant - Receiving environment,5353,DOWNCURRENT/DOWNWIND,2,21,49.891596,114.833413,,19710520104000,20230626142000,2021,42882,Elkview Coal Corp. Central Lab,ALS Global
0200097,,Teck,EVCC -ELKVIEW (PE425) ERICKSON CREEK AT MOUTH,"Elkview Operations, Authorized Discharge, Erickson Creek at Mouth",425,DOWNCURRENT/DOWNWIND,2,21,49.677886,114.78383,,19840313124000,20230629111100,1928,30408,"Kootenay, Cranbrook",Bureau Veritas Laboratories (Maxxam)
0200102,,District of Sparwood,ELK RIVER BELOW SPARWOOD,ELK RIVER BELOW SPARWOOD,253,DOWNCURRENT/DOWNWIND,2,21,49.6643,114.9041,,19721127144500,20230731115500,1222,47279,Contractor,National Lab for Environmental Testing
0200103,,District of Sparwood,ELK RIVER ABOVE SPARWOOD STP,LOCATED DIRECTLY BEHIND SPARWOOD STP-SAMPLE RIVER APPROXIMATELY 100 FT UPSTREAM OF OUTFALL PIPE,253,CONTROL,2,21,49.7308,114.9,,19721127123500,19891220113000,308,2744,"Kootenay, Nelson",Environmental Laboratory
0200111,,Teck,ELK R. ABOVE ELKVIEW COARSE REFUSE AREA C,Elkview Operations: Receiving Environment: Elk River u/s of Michel Creek,425,DOWNCURRENT/DOWNWIND,2,21,49.746822,114.888611,,19730111,20230628134300,1483,16571,Elkview Coal Corp. Central Lab,ALS Global
0200113,,Fernie Alpine Resort,ELK RIVER ABOVE LIZARD CREEK,ELK RIVER ABOVE LIZARD CREEK; Just U/S of Lizard Creek Confluence,,,2,21,49.4714,115.0736,,19730117,19890808132000,163,962,"Kootenay, Nelson",Environmental Laboratory
0200184,,Teck,MICHEL CREEK U/S COAL MTN OPERATIONS,Coal Mountain Operations - Receiving Water - Upstream - Effluent Compliance - MICHEL CREEK U/S COAL MTN OPERATIONS,4750,CONTROL,1,21,49.4917,114.6803,,19820104,20070904,453,1718,"Kootenay, Cranbrook",Bureau Veritas Laboratories (Maxxam)
0200185,,Teck,MICHEL CREEK D/S COAL MTN OPERATIONS,Coal Mountain Operations - Receiving Water - Downstream - Effluent Compliance - Downcurrent / Downwind - MICHEL CREEK U/S COAL MTN OPERATIONS,4750,DOWNCURRENT/DOWNWIND,2,21,49.5286,114.7072,,19820104,20070904,780,2835,"Kootenay, Cranbrook",Bureau Veritas Laboratories (Maxxam)
0200186,,Unknown,MICHEL C. BELOW COLEMAN COLLIEIES S. POND,MICHEL C. BELOW COLEMAN COLLIEIES S. POND,,,5,21,49.5375,114.7186,,19850528113000,19850528113000,1,8,"Kootenay, Nelson",Environmental Laboratory
0200201,,Teck,FORDING RIVER U/S OF KILMARNOCK CR (FR_FR2),Fording River Operations - Receiving environment - Fording River u/s of Kilmarnock Creek,424,CONTROL,1,21,50.172641,114.874275,,19750522091500,20230627105500,1744,33666,Elk Valley Environmental Labs,Elk Valley Environmental Labs
0200203,,Teck,MICHEL CREEK ABOVE ERICKSON CREEK,Elkview Operations - Receiving environment - Michel Creek u/s of Erickson Creek,425,CONTROL,1,21,49.677442,114.784333,,19840109143000,20230628123000,1455,36112,Elkview Coal Corp. Central Lab,ALS Global
0200209,,Teck,CORBIN CR U/S MICHEL CR,Coal Mountain Operations - Receiving environment - Corbin Creek d/s of CMO,4750,DOWNCURRENT/DOWNWIND,2,21,49.5136,114.6739,,19820104,20230626150500,1860,34475,"Kootenay, Cranbrook",Bureau Veritas Laboratories (Maxxam)
0200218,,Teck,ELK RIVER ABOVE OLD ELKFORD STP,Elkview Operations - SAMPLED IMMEDIATELY UPSTREAM FROM ELKFORD AERATION PONDS (PE 454).,454,CONTROL,2,21,50.0189,114.9119,,19751201103000,19891018104000,135,1074,"Kootenay, Nelson",Environmental Laboratory
0200250,,Teck,ELKVIEW COAL; BODIE CR AT MOUTH,Elkview Operations - Effluent compliance -SAMPLED IMMEDIATELY UPSTREAM FROM THE CONFLUENCE WITH MICHEL CREEK.,,,5,21,49.7169,114.8406,,19820210113000,20060718162500,54,147,"Kootenay, Cranbrook",Bureau Veritas Laboratories (Maxxam)
0200251,,Teck,FORDING RIVER D/S OF HENRETTA CREEK (FR_FR1),"Fording River Operations - Receiving environment - SAMPLED APPROX. 1.6KM ABOVE THE CLODE HAUL ROAD BRIDGE, NEAR WATER WELLS.",424,CONTROL,1,21,50.221901,114.878775,,19770107112000,20230626132000,1443,15490,Elk Valley Environmental Labs,Elk Valley Environmental Labs
0200252,,Teck,ELK VALLEY COAL F/R (PE424) KILMARNOCK CR D/S DRAIN (FR_KC1),Fording River Operations - Downcurrent / Downwind - SAMPLED FROM CULVERTS ON THE FORDING COAL ROAD.,424,DOWNCURRENT/DOWNWIND,2,21,50.169143,114.862795,,19770412140500,20230627103000,1401,18888,Elk Valley Environmental Labs,Elk Valley Environmental Labs
0200272,,Teck,CORBIN CREEK ABOVE BYRON CREEK COLLIERIES OP.,Coal Mountain Operations - Effluent compliance - Corbin Creek above Byron Creek Collieries Op. - 65 METERS EAST OF THE OLD FLUME ON CORBIN CR ROAD 2 KM FROM JUNCT WITH BCCL LOOP ROAD,,,5,21,49.5033,114.6481,,19820104,19851218121500,145,365,Permittee,Equis Permittee
0200274,,City of Fernie,Elk River above first Fernie storm sewer,"ELK RIVER 160M. U/S OF HWY NO.3 BRIDGE W. OF FERNIE, ABOVE FIRST STORM SEWER OUTFALL.",,,5,21,49.505,115.0694,,19780509112200,19870325000200,25,38,"Kootenay, Nelson",Environmental Laboratory
0200275,,City of Fernie,ELK RIVER BELOW FIRST FERNIE STORM SEWER,"ELK RIVER 137M U/S OF HWY NO.3 BRIDGE W.OF FERNIE, BELOW FIRSTSTORM SEWER",,,5,21,49.5044,115.0692,,19870325000100,19870325000200,2,4,"Kootenay, Nelson",Health Lab
0200277,,City of Fernie,ELK RIVER BELOW THIRD STORM SEWER,"ELK RIVER 82M D/S HWY. NO.3 BRIDGE W. OF FERNIE, BELOW THIRD STORM SEWER",,,5,21,49.5028,115.0675,,19870325000100,19870325000200,2,4,"Kootenay, Nelson",Health Lab
0200278,,City of Fernie,ELK RIVER BELOW FOURTH STORM SEWER,"ELK RIVER 206M.D/S HWY NO.3 BRIDGE W. OF FERNIE, BELOW FOURTH STORM SEWER",,,5,21,49.5022,115.0667,,19870325000100,19870325000200,2,4,"Kootenay, Nelson",Health Lab
0200279,,City of Fernie,ELK RIVER 366M D/S FERNIE HWY. 3 BRIDGE,ELK RIVER 366M. D/S OF HWY NO.3 BRIDGE W.OF FERNIE. STATION LOCATED 160M D/S OF LAST CULVERT OUTFALL FROM BRIDGE,,,5,21,49.5019,115.0664,,19870325000100,19870325000200,2,4,"Kootenay, Nelson",Health Lab
0200300,,City of Fernie,Elk River above Fernie STP outfall,Elk River LOCATED APPROXIMATELY 100 METERS U/S FERNIE STP OUTFALL.,,,5,21,49.4867,115.0731,,19790313130000,20000222143000,46,105,Environment Canada (PESC),Environment Canada (PESC)
0200301,,Unknown,ELK RIVER ABOVE MORRISSEY PARK BRIDGE,LOCATED 50 METERS U/S OF MORRISSEY PROVINCIAL PARK BRIDGE ON THE ELK RIVER,,,5,21,49.3922,115.0167,,19790313135500,20140226153000,79,1964,"Kootenay, Cranbrook",Bureau Veritas Laboratories (Maxxam)
0200311,,Teck,"FORDING RIVER D/S OF SWIFT CREEK, U/S OF CATARACT CR (FR_FR4)",Greenhills Operations - Receiving environment - U/S - Cataract creek - 700M D/S OF OLD BRIDGE SAMPLE POINT IS 300M D/S OF SWIFT CREEK,6248,CONTROL,1,21,50.154121,114.865541,,19790809012000,20211109103200,1859,12127,ALS Global,Permittee
0200323,,Teck,ELK R. ABOVE ELKVIEW COARSE REFUSE AREA C,Elkview Operations - Receiving environment - D/S - SAMPLE AT POINT ON RIVER WHERE LOWER ELK VALLEY RD APPROACHESCLOSEST TO ELK R. APPROX 4.6 KM NORTH OF STATION 0200111.,425,CONTROL,1,21,49.7881,114.8822,,19820303120500,20140226122000,547,4104,"Kootenay, Nelson",Bureau Veritas Laboratories (Maxxam)
0200335,,Teck,LINE CR (PE5353) LINE CR U/S MINE SERVICES (LC_LC2),Line Creek Operations - Receiving environment - U/S of rock drain,5353,CONTROL,1,21,49.958763,114.747084,,19800425093000,20230627120000,1402,17836,Elkview Coal Corp. Central Lab,ALS Global
0200337,,Teck,LINE CR (PE5353) LINE CR ABOVE SOUTH LINE CR (LC_LC3),Line Creek Operations - Receiving environment - Downcurrent / Downwind - SAMPLE IN LINE CREEK JUST UPSTREAM OF CONFLUENCE WITH SOUTH LINE CREEK. Elk Valley 2020 CABIN sampling program site ELK10,5353,DOWNCURRENT/DOWNWIND,2,21,49.919164,114.76968,,19800425094000,20230627130000,2152,49423,Elkview Coal Corp. Central Lab,ALS Global
0200338,,Teck,FORDING RIVER ABOVE LINE CREEK,Line Creek Operations - Receiving environment - Downcurrent / Downwind - SAMPLE IN FORDING RIVER JUST UPSTREAM OF CONFLUENCE WITH LINE CREEK.,5353,DOWNCURRENT/DOWNWIND,2,21,49.8981,114.855,,19800425102000,20140910132700,803,5070,Elkview Coal Corp. Central Lab,ALS Global
0200339,,Unknown,ELK RIVER ABOVE FORDING RIVER,SAMPLE IN THE ELK RIVER JUST UPSTREAM OF THE CONFLUENCE WITH THE FORDING RIVER.,,,5,21,49.8831,114.8761,,19800425160000,19840821143200,85,335,Permittee,Equis Permittee
0200378,,Teck,FORDING RIVER 200 METRES BELOW GREENHILLS CR. (GH_FR1),Greenhills Operations - Receiving environment - D/S - FORDING R. BELOW GREENHILLS DEVELOPMENT 200 M. D/S OF CONFLUENCE WITH GREENHILLS CR. WS-1,107517,DOWNCURRENT/DOWNWIND,2,21,50.042263,114.861469,,19810410142000,20230626111500,1444,35793,"Kootenay, Cranbrook",ALS Global
0200387,,Teck,ELK VALLEY COAL G/H (PE6248) WOLFRAM CR U/S ELK RIVER,Greenhills Operations - Effluent Compliance - Downwind / Downstream - Prep Plant - AT RD. CROSSING OF SECOND CREEK (WOLFRAM C.) NR. ROUND PRAIRIE DRAINING WEST SLOPE OF GREENHILLS RANGE WS-10.,6248,DOWNCURRENT/DOWNWIND,2,21,50.1036,114.9247,,19810427125500,20050301,570,2421,Independent Agent or Other,Elk Valley Environmental Labs
0200388,,Teck,ELK VALLEY COAL G/H (PE6248) MICKELSON CR U/S ELK R. (GH_MC1),Greenhills Operations - Authorized Discharge - AT ROAD CROSSING OF FOURTH CREEK (MICKELSON C.) NORTH OF ROUND PRAIRIE DRAINING WEST SLOPE OF GREENHILLS RANGE.,6248,DOWNCURRENT/DOWNWIND,2,21,50.11852,114.926651,,19810427132000,20230627085000,1151,19392,ALS Global,Permittee
0200389,,Teck,ELK RIVER ABOVE GREENHILLS MINING OPERATION (GH_ER2),Greenhills Operations - Receiving environment - U/S - ELK RIVER UPSTREAM OF GREENHILLS MINING DEVELOPMENT 8 KM NORTHOF THOMPSON CREEK Elk Valley 2020 CABIN sampling program site ELK14,6248,CONTROL,1,21,50.152569,114.945756,,19810427141500,20230626103000,1418,31141,ALS Global,Permittee
0200390,,Teck,ELK VALLEY COAL G/H (PE6248) LEASK CR U/S ELK RIVER,Greenhills Operations - D/S - Effluent compliance - AT ROAD CROSSING OF THIRD CREEK (LEASK C.) NORTH OF ROUND PRAIRIE DRAINING WEST SLOPE OF GREENHILLS RANGE.,6248,DOWNCURRENT/DOWNWIND,2,21,50.1106,114.9256,,19810427132000,20050301,539,1990,Independent Agent or Other,Elk Valley Environmental Labs
0200393,,Teck,ELK R. BELOW MICHEL C. AT C.P.R. ROADHOUSE (EV_ER1),Elkview Operations - Receiving environment - D/S - Order station - monitor success of EVWQP - ON EAST BANK OF ELK R.APPROX 1 KM DOWNSTREAM OF MICHEL CR.LOCATED DUE WEST OF CPR ROAD HOUSE IN SPARWOOD.,425,DOWNCURRENT/DOWNWIND,2,21,49.733202,114.899459,,19840109152500,20230626073000,1709,49418,"Kootenay, Cranbrook",ALS Global
0200395,,District of Elkford,ELK R. BELOW NEW ELKFORD STP,SAMPLED ON COLUMBIA NATURAL GAS R/W. 1.3 KM SOUTH OF NEW ELKFORD STP.,6077,DOWNCURRENT/DOWNWIND,2,21,49.9497,114.9111,,19850424103000,19851105104000,7,63,"Kootenay, Nelson",Environmental Laboratory
0200396,,Unknown,FORDING RIVER AT MOUTH,"SAMPLED JUST U/S FROM SMALL SIDE CHANNEL, 25 M U/S FROM CONFLUENCE WITH ELK RIVER.",,,2,21,49.8858,114.8731,,19810519122500,19910822105000,96,802,"Kootenay, Cranbrook",Philip Analyt. Services (formerly Zenon)
0200397,,Unknown,ELK RIVER BELOW LIZARD CREEK,JUST SOUTH OF SNOW VALLEY SKI RESORT OFF HIGHWAY 3 WHERE PULL-OFF POINT JUTS INTO RIVER,,,2,21,49.4531,115.0669,,19810519154000,19980114140000,104,804,"Kootenay, Cranbrook",Environment Canada (PESC)
0200408,,Teck,LINE CR RES; NO NAME CR. BELOW GATE WEIR (OLD),Line Creek Operations - Prep Plant - Unnamed creek near Line Creek Resources Mine Service Complex.SAMPLED JUST U/S OF HAUL ROAD.,,,2,21,49.9456,114.7567,,19820305132000,19900322,131,446,Permittee,ALS Global
0200425,,Teck ,MICHEL CREEK AT SPARWOOD (1983) BRIDGE,Elkview Operations - Receiving environment - D/S - Effluent compliance - MICHEL CREEK UNDER HWY 43 BRIDGE (1983) ON RIGHTBANK LOOKING UPSTREAM.,425,DOWNCURRENT/DOWNWIND,2,21,49.7378,114.8831,,19840109151500,20140902113500,730,4054,Elkview Coal Corp. Central Lab,ALS Global
0200429,,Teck ,MICHEL CREEK ABOVE ALEXANDER CREEK,Elkview Operations - JUST U/S OF ALEXANDER CREEK CONFLUENCE,,,2,21,49.6742,114.78,,19840320131000,20070928160000,81,661,"Kootenay, Cranbrook",Philip Analyt. Services (formerly Zenon)
0225059,,Teck,MANALTA COAL (PE-3986) SETTLING POND INFLUENT,Coal Mountain Operations - Influent to Settling Pond - TENT MTN. CREEK SAMPLED IMMEDIATELY PRIOR TO SETTLING POND,3986,INFLUENT,5,21,49.533733,114.710642,,19860414151500,19860506132000,2,4,"Kootenay, Nelson",Env Lab - Modified by Field
E102714,,Teck,ELK VALLEY COAL G/H (PE6248) THOMPSON CR POND BYPASS (GH_TC1),Greenhills Operations - Receiving environment - AT BRIDGE ON LOWER ACESS ROAD - FIRST CREEK NORTH OF ROUND PRAIRIE,6248,DOWNCURRENT/DOWNWIND,2,21,50.08568,114.923296,,19820707142000,20230628092000,703,19194,ALS Global,Permittee
E206143,,Unknown,LEACH CR. NEAR MOUTH,"AT CAMPSITE JUST OFF LOGGING ROAD, APPROX. 1 KM. FROM MICHEL RD.",,,2,21,49.5753,114.7917,,19850528114000,19850528114000,1,5,"Kootenay, Nelson",Environmental Laboratory
E206178,,Unknown,MICHEL CREEK BELOW LEACH CREEK AND ABOVE WHEELER CREEK,Not sure if this is the same site as E207789,,,2,21,49.6011,114.7928,,19850528120000,19850528120000,1,5,"Kootenay, Nelson",Environmental Laboratory
E206659,,Teck,FORDING COAL; KILMARNOCK CR U/S OF ROCK DRAIN,"Fording River Operations - FORMERLY STN 0200419 - KILMARNOCK CR ABOVE CONFLUENCE WITHBROWNIE CR, now upstream of Kilmarnock Rock Drain",,,5,21,50.1778,114.8161,,19830412,19930525,309,1265,"Headquarters, Victoria",Chemex Labs. Ltd.
E206661,,Teck,ELK RIVER ABOVE BOIVIN CREEK,Greenhills Operations - Order Station - Monitor Success of EVWQP - Elk River upstream of Boivin Creek - FORMERLY STN 0200202 - SAMPLED JUST UPSTREAM OF CONFLUENCE WITH BOIVIN CREEK,6248,DOWNCURRENT/DOWNWIND,2,21,50.024154,114.915547,,19820707144500,20230628141000,1355,28544,"Kootenay, Cranbrook",ALS Global
E206884,,Unknown,ELK RIVER AT HIGHWAY 93,ELK RIVER ON D/S SIDE OF HWY 93 BRIDGE NEAR EAST BANK,,,2,21,49.1793,115.1683,,19870616190000,20160817081500,2,93,Permittee,ALS Global
E207440,,City of Fernie,ELK RIVER BELOW FERNIE STP,At end of road 200 meters south of Mt. Fernie Prov. Park on east side of Hwy 3,,,2,21,49.4817,115.0678,,19880406102000,20000222144000,23,59,Environment Canada (PESC),Environment Canada (PESC)
E207785,,District of Sparwood,ELK RIVER BELOW SPARWOOD STP IDZ,"110 METERS BELOW OUTFALL, ELK RIVER BELOW SPARWOOD STP IDZ, Downcurrent / Downwind",253,DOWNCURRENT/DOWNWIND,2,21,49.7222,114.9008,,19890409103500,19891220111500,17,69,"Kootenay, Cranbrook",Environmental Laboratory
E207786,,District of Sparwood,ELK RIVER 1 KM BELOW SPARWOOD STP,"BOTTOM END OF FIRST SET OF RAPIDS BELOW OUTFALL, 1km below Sparwood STP",253,DOWNCURRENT/DOWNWIND,2,21,49.715,114.8978,,19890921120100,19890921120500,5,10,"Kootenay, Nelson",Philip Analyt. Services (formerly Zenon)
E207787,,N/A,LEACH CREEK AT MOUTH,Access over RR tracks just south of road and RR bridges over Michel Cr.,,,2,21,49.5786,114.7919,,19890419144500,20070122120000,52,1729,"Kootenay, Cranbrook",Bureau Veritas Laboratories (Maxxam)
E207788,,N/A,Wheeler Creek at north wheeler bridge,"Access via Coal-Leach Cr. Forestry Rd off Coal Mountain Mine Rd., turn right 300m west of bridge over Michel Cr. on North Wheeler Rd., bridge over Wheeler Cr. is 600m from turn-off.",,,2,21,49.6039,114.7936,,19890524135000,20070122121500,44,1611,"Kootenay, Cranbrook",Bureau Veritas Laboratories (Maxxam)
E207789,,Unknown,Michel Creek below Leach Creek,"Between Leach and Wheeler Creeks, just above the bridge on theWheeler Cr. road",,,2,21,49.6011,114.7928,,19890419150000,19910822124000,37,196,"Kootenay, Cranbrook",Philip Analyt. Services (formerly Zenon)
E215828,,Unknown,MICHEL CREEK AT MICHEL BRIDGE,At Highway 3 bridge just east of Michel Hotel,,,2,21,49.6983,114.8244,,19910502,19910822132000,5,35,"Kootenay, Cranbrook",Philip Analyt. Services (formerly Zenon)
E216142,,Teck,LINE CREEK U/S MSA NORTH PITS,Line Creek Operations - Receiving environment - Background - Control Conditions - LINE CREEK U/S OF MSA NORTH PITS,5353,CONTROL,1,21,49.974652,114.740777,,19920403135000,20230627110500,728,10987,Elkview Coal Corp. Central Lab,ALS Global
E216777,,Teck ,FORDING RIVER ABOVE HENRETTA CREEK,Fording River Operations - Receiving environment - upstram - Sample from Fording River approx. 650 metres upstream of confluence with Henretta Creek.,424,DOWNCURRENT/DOWNWIND,5,21,50.2333,114.8766,,19930705,20230626122700,1184,24852,Elk Valley Environmental Labs,Elk Valley Environmental Labs
E216778,,Teck ,ELK VALLEY COAL; HENRETTA CR. ABOVE FORDING R.,Fording River Operations - Discharge Site - Downstream - Sample from the mouth of Henretta Creek just prior to its confluence with the Fording River.,424,DOWNCURRENT/DOWNWIND,5,21,50.2282,114.8713,,19930705,20230626124800,1057,22875,Elk Valley Environmental Labs,Elk Valley Environmental Labs
E216779,,Teck ,ELK VALLEY COAL; HENRETTA CR. ABOVE MCMILLAN CR.,Fording River Operations - receiving environment - Upstream - Sample from Henretta Creek just upstream of its confluence with McMillan Creek.,424,DOWNCURRENT/DOWNWIND,5,21,50.2366,114.8402,,19930705,20151209125200,587,4091,Elk Valley Environmental Labs,Elk Valley Environmental Labs
E218365,,Teck ,ELK VALLEY COAL F/R (PE424) KILMARNOCK CR U/S DRAIN,Fording River Operations - Effluent Compliance -Control - U/S - Sample from Kilmarnock Creek in the stream beside the water-gauging station established by Fording Coal Ltd.,424,CONTROL,1,21,50.1783,114.8196,,19931004,19961203,83,378,Permittee,Chemex Labs. Ltd.
E219065,,Foothills Pipe Lines,ALEXANDER CREEK U/S OF ALBERTA NATURAL GAS DISCHARGE,100m us of ANG Discharge location,4328,CONTROL,1,21,49.6559,114.7316,,19930929110000,19930929110000,1,34,"Kootenay, Cranbrook",Philip Analyt. Services (formerly Zenon)
E220371,,Unknown,ELK RIVER AT FERNIE,N/A,,,2,21,49.5033,115.0694,,19930901103700,20140226150000,72,1241,"Kootenay, Cranbrook",Bureau Veritas Laboratories (Maxxam)
E220372,,Unknown,MICHEL CREEK NEAR MOUTH,N/A,,,2,21,49.7394,114.8928,,19930901112600,19940418100000,36,107,Water Quality,Field (MOE)
E220373,,Unknown,LINE CREEK AT MOUTH,N/A,,,2,21,49.8981,114.8614,,19930901124000,19940419094000,36,107,Water Quality,Field (MOE)
E220374,,Unknown,ELK RIVER BETWEEN FORSYTH AND BINGAY CREEKS,N/A,,,2,21,50.2175,114.9694,,19930901140700,19940418125800,35,104,Water Quality,Field (MOE)
E220375,,Unknown,FORDING RIVER AT 12 KM,N/A,,,2,21,49.9597,114.5175,,19930901132500,19940418104000,34,101,,
E220376,,Unknown,ELK RIVER NEAR NATAL,N/A,,,2,21,49.7311,114.9028,,19930901120900,19940418134500,36,107,Water Quality,Field (MOE)
E223240,,Teck,LINE CR RES; NORTH HORSESHOE CREEK (LC_LC12),Line Creek Operations - Receiving Environment - Sample taken from North Horseshoe Creek near mouth,,,1,21,49.9528,114.7507,,19971117124500,20230626113000,406,5717,Elkview Coal Corp. Central Lab,ALS Global
E223745,,Unknown,ELK RIVER ABOVE ALDRIDGE CREEK,"Upper Elk River, near Aldridge Creek",,,5,21,50.3375,114.9114,,19960909082000,19960909082000,1,1,"Kootenay, Cranbrook",Environment Canada/Fisheries
E223746,,Unknown,FORDING RIVER ABOVE SWIFT CREEK,Fording River at the bridge crossing over to SwiftCreek settling pond.,,,2,21,50.1603,114.8703,,19960910081000,19960910083000,2,3,"Kootenay, Cranbrook",Environment Canada/Fisheries
E223747,,Unknown,ELK RIVER AT OLSON,N/A,,,5,21,49.6572,114.9111,,,,0,0,,
E223748,,Unknown,FORDING RIVER ABOVE HENRETTA CREEK #2,"Fording River above Henretta Creek and Fording RiverMining Operations.
Line Creek at the fish fence.",,,5,21,50.2331,114.8761,,19960910080000,19960910140000,3,5,"Kootenay, Cranbrook",Environment Canada/Fisheries
E223749,,Unknown,LINE CREEK AT FISH FENCE,Line Creek at the fish fence.,,,2,21,49.8936,114.8511,,19960911101000,19960911143000,2,3,"Kootenay, Cranbrook",Environment Canada/Fisheries
E223750,,Unknown,ELK RIVER ABOVE WEIGERT CREEK,"Elk River approximately 7 km south of Elkford, BC.",,,5,21,49.9258,114.8978,,19960910111000,19960910111000,1,1,"Kootenay, Cranbrook",Environment Canada/Fisheries
E223751,,Unknown,MICHEL CREEK AT HIGHWAY 3 BRIDGE,"Michel Creek just downstream of the first Hwy 3 bridge east of Sparwood, BC.",,,5,21,49.7303,114.8578,,19960911131000,19960911131000,1,1,"Kootenay, Cranbrook",Environment Canada/Fisheries
E223752,,Unknown,ELK RIVER ABOVE CADORNA CREEK,Samples taken from a reach of the Elk R. between 5 kmu/s of Cadorna Cr. to just d/s of Lower Elk Lake.,,,5,21,50.3375,114.9114,,19960910140000,19960910140000,1,1,"Kootenay, Cranbrook",Environment Canada/Fisheries
E223753,,Teck,FORDING RIVER ABOVE CHAUNCEY CREEK,Fording River above Chauncey Creek at the Beaver Damsite. Teck ID FR_FRABCH. Fording River Operations Compliance Point,107517,DISCHARGE,2,21,50.107716,114.828191,,19960910142000,20230630100000,341,9597,"Kootenay, Cranbrook",ALS Global
E223754,,Unknown,ELK RIVER ABOVE GRAVE CREEK,Elk River above Grave Creek just upstream of theWater Survey of Canada gauging station.,,,5,21,49.8436,114.8669,,19960911150000,19960911150000,1,1,"Kootenay, Cranbrook",Environment Canada/Fisheries
E223755,,Unknown,MICHEL CREEK ABOVE ALEXANDER CREEK AT RAILWAY BRIDGE,Michel Creek above Alexander Creek at the first railroad bridge on the Corbin road from Hwy 3.,,,5,21,49.6692,114.7786,,19960911160000,19960911160000,1,1,"Kootenay, Cranbrook",Environment Canada/Fisheries
E232243,,Unknown,FORSYTH CR; ABOVE CONNOR LK,INFLOW CREEK ABOVE LARGEST CONNOR LAKE,,,1,21,50.325,115.0875,,19980614161500,19980614161500,1,2,"Kootenay, Cranbrook",Environment Canada (PESC)
E232542,,Unknown,FORDING RIVER ABOVE PORTER CR.,"500 m u/s Porter Cr., just u/s a small tributary entering from the east side of the valley, 4 km by road north of Chauncey Cr. bridge. Km 31.5 on CPR.",,,2,21,50.1376,114.8458,,19980619130000,19980629110000,5,113,"Kootenay, Cranbrook",Environment Canada (PESC)
E238242,,Unknown,WIGWAM RIVER ABOVE BIGHORN CREEK,app. 500 m. above Bighorn Creek at the Wigwam River bridge.,,,2,21,49.1756,114.9594,,19990605,20040705094000,415,794,,
E238243,,Unknown,WIGWAM RIVER ABOVE TEDS CREEK,app. 1000 m. above confluence,,,2,21,49.1119,114.8931,,19990808,19990808,1,2,"Kootenay, Nelson",Can-Test Ltd.
E238244,,Unknown,WIGWAM RIVER-BREWERY CREEK D/S OF ROAD,app. 200 m. d/s of road,,,2,21,49.0867,114.8878,,19990830,20030911145500,36,69,"Kootenay, Nelson",Can-Test Ltd.
E238245,,Unknown,WIGWAM RIVER-BREWERY CREEK U/S ROAD,app. 500 m. u/s of road,,,2,21,49.0864,114.9733,,19990830,20030911150000,35,67,"Kootenay, Nelson",Can-Test Ltd.
E238246,,Unknown,WIGWAM RIVER ABOVE BREWERY CREEK,app. 1 km. above confluence,,,2,21,49.0828,114.8733,,19990725,20030126140500,31,59,"Kootenay, Nelson",Can-Test Ltd.
E238247,,Unknown,WIGWAM RIVER-UNNAMED TRIBUTARYAT D/S BOUNDARY CUTBLOCK 168,app. 500 m. below road,,,2,21,49.0656,114.8614,,19990725,20030729103000,30,57,"Kootenay, Nelson",Can-Test Ltd.
E238248,,Unknown,UNNAMED TRIBUTARY AT U/S BOUNDARY CUTBLOCK 168,app. 500 m. above road,,,2,21,49.0628,114.8622,,19990725,20030911104500,40,77,"Kootenay, Nelson",Can-Test Ltd.
E238249,,Unknown,WIGWAM RIVER-DESOLATION CREEK AT BRIDGE,app. 500 m. above Wigwam River confluence,,,2,21,49.0392,114.7964,,19990808,20030911121500,41,77,"Kootenay, Nelson",Can-Test Ltd.
E238250,,Unknown,WIGWAM RIVER ABOVE DESOLATION CREEK,app. 1 km. above confluence,,,2,21,49.0292,114.7992,,19990808,20030126132500,286,551,"Kootenay, Nelson",Can-Test Ltd.
E238251,,Unknown,WIGWAM RIVER AT U.S./CANADA BORDER,N/A,,,2,21,49.0003,114.7989,,,,0,0,,
E238252,,Unknown,WIGWAM-UNNAMED TRIBUTARY AT D/S BOUNDARY CUTBLOCK 172,app. 500 m. below road,,,2,21,49.0458,114.8247,,19990724,20030911122500,38,72,"Kootenay, Nelson",Can-Test Ltd.
E238253,,Unknown,WIGWAM RIVER-UNNAMED S4 TRIBUTARY AT U/S BOUNDARY CUTBLOCK 172,Site is accessed by hiking upslope (up the trib) at ~km 74 on the Wigwam FSR. Site marked with metal tree tag. Located app. 500 m. above road,,,2,21,49.0492,114.8161,,19990724,20030911123000,34,64,"Kootenay, Nelson",Can-Test Ltd.
E242997,,Unknown,WIGWAM RIVER-DESOLATION CREEK BELOW BRIDGE,N/A,,,2,21,49.0381,114.7983,,20000915,20030911120000,26,49,"Kootenay, Nelson",Can-Test Ltd.
E243781,,Unknown,GODDARD CREEK; MOUTH,Just upstream of confluence with Elk River.,,,2,21,49.7583,114.8792,,20010425114000,20010425114000,2,2,"Kootenay, Cranbrook",Environment Canada (PESC)
E243796,,Unknown,BODIE CREEK BELOW DECANT,"Downcurrent / Downstream - Channel immediately below Bodie Settling Pond decant, on the north side of Highway 3.",425,DOWNCURRENT/DOWNWIND,2,21,49.7194,114.8417,,20010426100000,20010426100000,2,2,"Kootenay, Cranbrook",Environment Canada (PESC)
E248329,,Fernie Alpine Resort / Resorts of the Canadian Rockies,ELK RIVER U/S OF FAR MSR DISCHARGE,CONTROL - 234 metres upstream of the Fernie Alpine Resort MSR discharge. Samples were taken at least 1.5 m from West bank of river.,17139,CONTROL,1,21,49.4642,115.0606,,20020827,20110126152500,144,1340,Contractor,Associated Environmental Operators Inc.
E248330,,Fernie Alpine Resort / Resorts of the Canadian Rockies,ELK RIVER IDZ OF FAR MSR DISCHARGE,"INITIAL DILUTION ZONE - 9 metres d/s of the Fernie Alpine Resort MSR discharge, within the initial dilution zone. Samples taken at lest 1.5 m from West bank of river.",17139,INITIAL DILUTION ZONE,2,21,49.4399,115.0606,,20020827,20110126153500,142,1330,Contractor,Associated Environmental Operators Inc.
E248331,,Fernie Alpine Resort / Resorts of the Canadian Rockies,ELK RIVER D/S OF FAR MSR DISCHARGE,DOWNSTREAM / DOWNCURRENT - 396 metres downstream of the Fernie Alpine Resort MSR discharge. Samples taken at least 1.5 m from West bank of river.,17139,DOWNCURRENT/DOWNWIND,2,21,49.4012,115.0606,,20020827,20131030124500,175,2333,Contractor,Associated Environmental Operators Inc.
E255696,,Unknown,COAL CR AT COKATO ROAD,"East Fernie, sample u/s side of bridge.",,,1,21,49.4958,115.065,,20040511124500,20070122103000,34,1559,"Kootenay, Cranbrook",Bureau Veritas Laboratories (Maxxam)
E255895,,Unknown,MORRISSEY CR AT RIVER ROAD,Sample u/s side of River Road bridge.,,,1,21,49.3653,114.9828,,20040607150500,20070122093000,32,1493,"Kootenay, Cranbrook",Bureau Veritas Laboratories (Maxxam)
E255896,,Unknown,COAL CREEK LOT 167 BRIDGE,"Sample u/s side of bridge in Lot 167, 5.2 km from start of Coal Cr road in Fernie.",,,1,21,49.4875,114.9958,,20040607143000,20070122101000,29,1365,"Kootenay, Cranbrook",Bureau Veritas Laboratories (Maxxam)
E256195,,Unknown,NORTH LODGEPOLE CREEK,Just upstream of bridge at Lodgepole Road.,,,1,21,49.2933,114.7753,,20040712105000,20070710110000,28,1312,"Kootenay, Cranbrook",Bureau Veritas Laboratories (Maxxam)
E257245,,RDEK,FERNIE LANDFILL SURFACE WATER SAMPLING SITE SW-01,Landfill closure site east,17720,CONTROL,1,21,49.4967,115.0368,,20060404000100,20190702,36,1641,Eco/Logic Environmental (Nelson),Bureau Veritas Laboratories (Maxxam)
E257246,,RDEK,FERNIE LANDFILL SURFACE WATER SITE SW-02,Landfill closure site west,17720,CONTROL,1,21,49.498,115.04,,20061010,20130402,12,410,Eco/Logic Environmental (Nelson),Bureau Veritas Laboratories (Maxxam)
E257247,,RDEK,FERNIE LANDFILL SURFACE WATER SITE SW-03,Landfill closure site Coal Creek D/S,17720,CONTROL,1,21,49.4975,115.0515,,20060404000100,20190702,36,1594,Eco/Logic Environmental (Nelson),Bureau Veritas Laboratories (Maxxam)
E257248,,RDEK,FERNIE LANDFILL SURFACE WATER SITE SW-04 BLACK CREEK U/S,Landfill closure site Black Creek U/S,17720,CONTROL,1,21,49.5,115.052,,20090713,20190702,7,341,Eco/Logic Environmental (Nelson),Bureau Veritas Laboratories (Maxxam)
E257249,,RDEK,FERNIE LANDFILL SURFACE WATER SITE SW-04,Landfill closure site Black Creek,17720,CONTROL,1,21,49.5,115.052,,,,0,0,,
E257250,,RDEK,FERNIE LANDFILL SURFACE WATER SITE SW-05,Landfill closure site Black Creek D/S,17720,CONTROL,1,21,49.5,115.052,,20060404000100,20190401,10,534,Eco/Logic Environmental (Nelson),Bureau Veritas Laboratories (Maxxam)
E257251,,RDEK,FERNIE LANDFILL SURFACE WATER SITE SW-06,Landfill closure site Doc Creek U/S,17720,CONTROL,1,21,49.5,115.052,,,,0,0,,
E257252,,RDEK,FERNIE LANDFILL SURFACE WATER SITE SW-07,Landfill closure site Doc Creek D/S,17720,CONTROL,1,21,49.5,115.052,,20060404000100,20190401,10,520,Eco/Logic Environmental (Nelson),Bureau Veritas Laboratories (Maxxam)
E258175,,Teck,MICHEL CREEK U/S COAL MOUNTAIN OPERATIONS (CM_MC1),Coal Mountain Operations - Receiving environment - Sampled at location just above the confluence with Kuta Creek,4750,CONTROL,1,21,49.475409,114.67835,,19910626135000,20230627115000,1095,28475,Elk Valley Environmental Labs,Elk Valley Environmental Labs
E258358,,Teck,ELK RIVER ABOVE LINDSAY CREEK,Elkview Operations - Effluent compliance - Downcurrent - Downstream - Elk River sampled immediately above the confluence with Lindsay Creek,425,DOWNCURRENT/DOWNWIND,2,21,49.775,114.873611,,20050405160500,20140903151000,206,1481,Elkview Coal Corp. Central Lab,ALS Global
E258937,,Teck,MICHEL CREEK D/S COAL MTN OPERATIONS U/S OF ANDY GOOD CR. (CM_MC2),"Coal Mountain Operations - Authorized Discharge - Compliance Point - Michel Creek, apprroximately 50 m upstream of the confluence with Andy Good Creek.",107517,DOWNCURRENT/DOWNWIND,2,21,49.522806,114.688847,,20060923100000,20230627135000,1453,46232,"Kootenay, Cranbrook",ALS Global
E261957,,Teck,LINE CREEK U/S WEST LINE CR.,N/A,N/A,N/A,2,21,49.9214,114.767,,,,0,0,,
E261958,,Teck,WEST LINE CREEK,N/A,N/A,N/A,2,21,49.921,114.771,,20110510130000,20230627132500,925,38867,Elkview Coal Corp. Central Lab,ALS Global
E263381,,Unknown,ALEXANDER CR AT MOUTH,Just u/s of confluence with Michel Cr.,N/A,N/A,1,21,49.676111,114.770278,,20060718160000,20060924154500,2,100,"Kootenay, Cranbrook",Bureau Veritas Laboratories (Maxxam)
E263382,,Unknown,ANDY GOOD CR NEAR MOUTH,Just u/s of Coal Mountain Mine Road,N/A,N/A,1,21,49.526667,114.683333,,20060718140000,20060718140000,1,46,"Kootenay, Cranbrook",Bureau Veritas Laboratories (Maxxam)
E268382,,BC ENV,ELK04 CADORNA CREEK,CABIN Study - BC MOE Kootenay Region - Above confluence with Elk River. Access from campsite .5km past 152km. Access before Ana Fontana guide outfitters. Receives drainage from provincial park.,N/A,N/A,1,21,49.99999,115.05,,20070918110000,20171004113000,5,225,,
E268383,,BC ENV,ELK05 ELK RIVER,CABIN Study - BC MOE Kootenay Region - Access from Cadoma campsite via trail. Better point d/s at km 149 with good riffle/cobble substrate.,N/A,N/A,1,21,50.4348,114.9416,,20070918133000,20220922150000,42,1947,"Kootenay, Nelson",Bureau Veritas Laboratories (Maxxam)
E268384,,BC ENV,ELK02 BLEASEDELL CREEK,"CABIN Study - BC MOE Kootenay Region - Good access from road, although culverted. Will need to sample u/s of culvert.",N/A,N/A,1,21,50.3559,114.9208,,20070918153000,20190905143000,4,202,"Kootenay, Nelson",Bureau Veritas Laboratories (Maxxam)
E268385,,BC ENV,ELK03 QUARRIE CREEK,"CABIN Study - BC MOE Kootenay Region - Access from forest rec site, across bridge. Drainage from park. Forsyth Creek drains from adjacent ecoregion.",N/A,N/A,1,21,50.2584,114.9733,,20070918170000,20180917160000,5,235,"Kootenay, Nelson",Bureau Veritas Laboratories (Maxxam)
E268392,,BC ENV,WIG01 MULEY CREEK,"CABIN Study - BC MOE Kootenay Region - Unknown creek, bridge across. Will need to bushwack to find riffle u/s of bridge. Lots of blow down.",,,1,21,49.132,114.9236,,20070919144500,20190906105500,6,311,Permittee,ALS Global
E268393,,BC ENV,WIG02 TED`S LAKE CREEK,CABIN Study - BC MOE Kootenay Region - Easy access from bridge.,,,1,21,49.1095,114.9108,,20070919130000,20171005124000,5,226,"Kootenay, Cranbrook",Cordillera Consulting
E268394,,BC ENV,WIG03 DESOLATION CREEK,CABIN Study - BC MOE Kootenay Region - South end of Wigwam. Easy access via bridge. Old fire burned up valley.,,,1,21,49.0386,114.795,,20070919104500,20200922114000,21,997,Permittee,ALS Global
E268395,,BC ENV,WIG04 WIGWAM RIVER,CABIN Study - BC MOE Kootenay Region - Trail access by small pull out: good riffles and easy access to river.,,,1,21,49.1716,114.9558,,20070919163000,20120919121500,5,228,"Kootenay, Nelson",Bureau Veritas Laboratories (Maxxam)
E268396,,BC ENV,WIG05 WIGWAM RIVER,"CABIN Study - BC MOE Kootenay Region - Steep access road at km 42. Forest service rec site. Lots of good riffle. River narrows to steep valley d/s, canyon, confined channel d/s.",,,1,21,49.2029,114.9761,,20070919171500,20150921143000,3,128,"Kootenay, Nelson",Bureau Veritas Laboratories (Maxxam)
E268397,,BC ENV,WIG04A LODGEPOLE CREEK,CABIN Study - BC MOE Kootenay Region - Very different from Wigwam - higher productivity (more algal growth). Large cobble/boulder substrate. Popular bull trout spawning. Waterfall u/s 3.5km. Road parallels creek. Good access @ Lodgepole FSR @ km 29.,,,1,21,49.3058,114.8833,,20070919182000,20150922155000,3,142,"Kootenay, Nelson",Bureau Veritas Laboratories (Maxxam)
E282149,,Teck / BC ENV,SOUTH LINE CREEK (LC_SLC / ELK12),Line Creek Operations - Receiving Environment AND Elk Valley 2020 CABIN sampling program site ELK12 : CABIN Study - BC MOE Kootenay Region -,5353,CONTROL,1,21,49.919156,114.769687,,20110830123000,20230606085000,571,22368,Elkview Coal Corp. Central Lab,ALS Global
E282449,,Unknown,UPPER THOMPSON POND INLET,N/A,N/A,N/A,4,21,50.097778,114.89778,,20100629155500,20100629155500,1,10,"Kootenay, Cranbrook",Bureau Veritas Laboratories (Maxxam)
E283491,,Teck,FORDING RIVER D/S CHAUNCEY,,,,2,21,50.0691,114.804706,,20100824150000,20110921090000,12,373,"Kootenay, Cranbrook",Bureau Veritas Laboratories (Maxxam)
E283492,,Unknown,FORDING RIVER D/S DRY CREEK,,,,2,21,50.032839,114.825673,,20100928120000,20100928162000,2,85,"Kootenay, Nelson",Bureau Veritas Laboratories (Maxxam)
E283493,,Unknown,FORDING RIVER D/S TODHUNTER CREEK,,,,2,21,50.057225,114.81324,,20100825120000,20100825120000,2,3,"Kootenay, Cranbrook",Bureau Veritas Laboratories (Maxxam)
E284451,,BC ENV,FORDING RIVER U/S CHAUNCEY CREEK,CABIN Study - BC MOE Kootenay Region - Elk Valley 2020 CABIN sampling program site FOR01,,,2,21,50.135725,114.846142,,20101227140000,20110921090000,16,497,"Kootenay, Cranbrook",Bureau Veritas Laboratories (Maxxam)
E285629,,Unknown,ELK RIVER @ ELK BRIDGE ABOVE HYDRO DAM,,,,2,21,49.296854,115.106592,,20110419153000,20131030144500,29,943,"Kootenay, Cranbrook",Bureau Veritas Laboratories (Maxxam)
E286610,,BC ENV,CATARACT CREEK AT MOUTH OF CATARACT,CABIN Study - BC MOE Kootenay Region - ,,,1,21,50.1497,114.8672,,20110831121500,20110920103000,15,375,"Kootenay, Nelson",Bureau Veritas Laboratories (Maxxam)
E286611,,BC ENV,SWIFT CREEK AT MOUTH OF SWIFT,CABIN Study - BC MOE Kootenay Region - ,,,1,21,50.1,114.8,,20110831100000,20120327134000,19,515,"Kootenay, Cranbrook",Bureau Veritas Laboratories (Maxxam)
E286612,,BC ENV,HARMER CREEK,CABIN Study - BC MOE Kootenay Region - Elk Valley 2020 CABIN sampling program site EKL08,,,1,21,50.025657,114.831694,,20110830153000,20110921160000,16,359,"Kootenay, Nelson",Bureau Veritas Laboratories (Maxxam)
E286613,,BC ENV,FORDING RIVER AT FORDING RIVER BRIDGE,CABIN Study - BC MOE Kootenay Region - Elk Valley 2020 CABIN sampling program site FOR03,,,1,21,50.025657,114.831694,,20110901013000,20110921140000,23,607,"Kootenay, Nelson",Bureau Veritas Laboratories (Maxxam)
E286614,,BC ENV,DRY CREEK,CABIN Study - BC MOE Kootenay Region - Elk Valley 2020 CABIN sampling program site ELK11,,,1,21,50.034282,114.815316,,20110901041000,20110921120000,18,460,"Kootenay, Nelson",Bureau Veritas Laboratories (Maxxam)
E287431,,Teck,FORDING RIVER DOWNSTREAM OF PORTER CREEK,Greenhills Operations,6248,,2,21,50.12862,114.84906,,20120703021100,20140908085300,54,262,Elkview Coal Corp. Central Lab,ALS Global
E287432,,Teck,COUGAR CREEK @ LRP ROAD,Greenhills Operations,6248,,2,21,50.13278,114.932735,,20131008120000,20230626144500,307,6650,Elkview Coal Corp. Central Lab,ALS Global
E287433,,Teck,WADE CREEK @ LRP ROAD,Greenhills Operations,6248,DISCHARGE,2,21,50.135186,114.932875,,20131008113000,20230626140000,501,13866,Elkview Coal Corp. Central Lab,ALS Global
E287434,,Teck,WILLOW CREEK NORTH @ LRP ROAD,Greenhills Operations,6248,,2,21,50.138435,114.933547,,20131008105500,20170605102100,86,3523,Elkview Coal Corp. Central Lab,ALS Global
E287435,,Teck,WILLOW CREEK SOUTH @ LRP ROAD,Greenhills Operations,6248,DISCHARGE,2,21,50.137889,114.933604,,20131008112000,20170605104500,83,2250,Elkview Coal Corp. Central Lab,ALS Global
E287436,,Teck,WOLF CREEK @ LRP ROAD,Greenhills Operations,6248,,2,21,50.14649,114.935649,,20131008103000,20170605091600,84,2803,Elkview Coal Corp. Central Lab,ALS Global
E287437,,Teck,BRANCH F @ LRP ROAD,Greenhills Operations,6248,,2,21,50.14853,114.936688,,20131008102500,20230626100000,328,8317,Elkview Coal Corp. Central Lab,ALS Global
E288270,,Teck,DRY CR. U/S OF FORDING MINE ROAD (LC_DC1),"Ewin Road bridge crossing over Dry Creek, approx. 450m upstream from where Dry Creek becomes braided, current flow monitoring location.",107517,PERMIT IMPACT ASSESSMENT,2,21,50.033671,114.814245,,20120404,20230628120000,982,34764,NA,NA
E288271,,Teck,LINE CREEK OPERATIONS - FORDING RIVER UPSTREAM OF DRY CREEK,,106970,PERMIT IMPACT ASSESSMENT,1,21,50.038606,114.819505,,20120404,20150706111800,40,2781,Elkview Coal Corp. Central Lab,ALS Global
E288272,,Teck,LINE CREEK OPERATIONS - FORDING RIVER DOWNSTREAM OF DRY CREEK,approx. 80m downstream of the farthest downstream braid of Dry Creek,106970,PERMIT IMPACT ASSESSMENT,2,21,50.034211,114.823488,,20120404,20230628122500,425,22658,Elkview Coal Corp. Central Lab,ALS Global
E288273,,Teck,DRY CR. U/S HEADPOND  (LC_DC3),"Location on Dry Creek, upstream of East Tributary Creek, upstream of Dry Creek Water Management System, Teck ID LC_DC3",107517,PERMIT IMPACT ASSESSMENT,2,21,49.999586,114.79103,,20120404,20230628104000,713,21140,Elkview Coal Corp. Central Lab,ALS Global
E288274,,Teck,LINE CREEK OPERATIONS - EAST TRIBUTARY CREEK (LC_DCEF),,106970,PERMIT IMPACT ASSESSMENT,1,21,50.002957,114.79135,,20120404,20230626101000,351,12979,Elkview Coal Corp. Central Lab,ALS Global
E288275,,Teck,GRACE CR. U/S CP RAIL TRACKS  (LC_GRCK),sampling site located at a culvert across the road in the canyon section,106970,PERMIT IMPACT ASSESSMENT,2,21,49.999173,114.846742,,20120402,20230627120000,274,11544,Elkview Coal Corp. Central Lab,ALS Global
E293369,,Teck,LINE CREEK U/S OF WEST LINE CREEK,Below Rock Drain,,,1,21,49.921474,114.769092,,20141008123700,20230627131500,967,38089,Elkview Coal Corp. Central Lab,ALS Global
E294312,,Teck,ELK RIVER AT ELKO RESEVOIR,"These coordinates are approximate, please update.",,,2,21,49.293394,115.105703,,20120810102200,20230627110500,434,21258,"Kootenay, Cranbrook",ALS Global
E295210,,Teck,DRY CR. D/S SEDIMENT PONDS OUTLET  (LC_DCDS),Line Creek Operations,106970,PERMIT IMPACT ASSESSMENT,2,21,50.010107,114.797918,,20131106122600,20230629122800,1032,35853,Elkview Coal Corp. Central Lab,ALS Global
E295212,,Teck,LCO (PE-106970) DRY CREEK AT REACH 1/2 BREAK,Line Creek Operations,5353,DOWNCURRENT/DOWNWIND,2,21,50.025863,114.809203,,,,0,0,,
E295213,,Teck,LINE CREEK OPERATIONS- UNNAMED CREEK,Line Creek Operations,106970,PERMIT IMPACT ASSESSMENT,2,21,50.021168,114.830738,,20131112024200,20230613133000,213,9533,Elkview Coal Corp. Central Lab,ALS Global
E295214,,Teck,LINE CREEK OPERATION- CHAUNCEY CREEK,Line Creek Operations,106970,PERMIT IMPACT ASSESSMENT,1,21,50.107384,114.820998,,20131112103000,20230628111700,344,14852,Elkview Coal Corp. Central Lab,ALS Global
E295232,,Teck,FORDING R. D/S OF DRY CR.  (LC_FRUS),Line Creek Operations,106970,PERMIT IMPACT ASSESSMENT,1,21,50.038979,114.81682,,20131112110000,20230627100000,64,2917,Elkview Coal Corp. Central Lab,ALS Global
E297110,,Teck,PE-5353 LINE CREEK D/S OF SOUTH LINE CREEK CONFLUENCE,"Line Creek Operations - D/S of South Line Creek Confluence, in Line Creek",107517,DISCHARGE,2,21,49.905908,114.782443,,20120809122000,20230627134500,1079,41636,"Kootenay, Cranbrook",ALS Global
E298590,,Teck,DRY CREEK SED. POND DECANT (EV_DC1),Elkview Operations - Authorized Discharge - Sample collected from the decant point at the Dry Creek sedimentation pond.,425,DISCHARGE,3,21,49.789096,114.785283,,20141007102000,20230626094700,582,13288,Elkview Coal Corp. Central Lab,ALS Global
E298591,,Teck,FENNELON CREEK AT CFI ROAD (EVO_FC1),Elkview Operations - Receiving environment - Surface water sample collected upstream of CFI road.,425,PERMIT IMPACT ASSESSMENT,2,21,49.779074,114.871834,,20141105085000,20230605113000,267,9466,Elkview Coal Corp. Central Lab,ALS Global
E298592,,Teck,BALMER CREEK AT CFI ROAD (EV_BLM2),Elkview Operations -Receiving environment -  Surface water sample collected upstream of CFI road.,425,PERMIT IMPACT ASSESSMENT,2,21,49.789827,114.873409,,20141105084000,20230605141600,273,9420,Elkview Coal Corp. Central Lab,ALS Global
E298593,,Teck,THRESHER CREEK AT MILLIGAN ROAD (EV_TC11),Elkview Operations - Receiving environment - Surface water sample collected from Milligan Road.,425,PERMIT IMPACT ASSESSMENT,2,21,49.692397,114.813893,,20141104,20230605102000,202,2776,Elkview Coal Corp. Central Lab,ALS Global
E298594,,Teck,SPRING CREEK U/S OF CONFLUENCE WITH AQUEDUCT CREEK (EV_SPR2),"Elkview Operations - Receiving environment - Surface water sample collected at the culvert where Spring Creek crosses the road, just before flowing through private property.",425,PERMIT IMPACT ASSESSMENT,2,21,49.736117,114.86374,,20140108105000,20230605144800,283,10195,Elkview Coal Corp. Central Lab,ALS Global
E300071,,Teck,FORDING RIVER 525M D/S CATARACT CK (FR_FRCP1),,107517,DISCHARGE,3,21,50.149436,114.862594,,20141230130000,20230627133700,743,32754,Permittee,ALS Global
E300096,,Teck,HENRETTA CREEK U/S OF MCQUARRIE CREEK,,,,1,21,50.239649,114.819289,,20141023133000,20230626115100,406,10674,Elkview Coal Corp. Central Lab,ALS Global
E300097,,Teck,FORDING RIVER NEAR FORDING RIVER ROAD (FR_FRRD),,,,2,21,50.136704,114.848272,,20141230113000,20230614143000,324,13093,Elkview Coal Corp. Central Lab,ALS Global
E302170,,Teck,AQ CONTROL,,425,DISCHARGE,3,21,49.732989,114.85775,,20151006,20230627090800,554,8133,Elkview Coal Corp. Central Lab,ALS Global
E305854,,Teck,WILLOW POND,,6248,DISCHARGE,3,21,50.138122,114.9353,,20161207141800,20230626125000,252,5620,Elkview Coal Corp. Central Lab,ALS Global
E305855,,Teck,WOLF CREEK POND,,6248,DISCHARGE,3,21,50.145322,114.937258,,20161207142600,20230626120000,183,436,Elkview Coal Corp. Central Lab,Elkview Coal Corp. Central Lab
E305875,,Teck,NO NAME CREEK,,6248,DISCHARGE,3,21,50.128347,114.928391,,20160531115500,20230626145000,330,12725,Elkview Coal Corp. Central Lab,ALS Global
E305876,,Teck,ELK RIVER SIDE CHANNEL D/S OF WOLFRAM CREEK,,6248,DISCHARGE,3,21,50.098925,114.925394,,20160411114500,20230628083000,317,10223,Elkview Coal Corp. Central Lab,ALS Global
E305877,,Teck,ELK RIVER D/S OF THOMPSON CREEK,,6248,DISCHARGE,3,21,50.083005,114.926934,,20160706,20230628101000,253,7135,Elkview Coal Corp. Central Lab,ALS Global
E305878,,Teck,ELK RIVER SIDE CHANNEL U/S WOLFRAM CREEK,,6248,DISCHARGE,3,21,50.105333,114.930826,,20160607,20230627111000,275,8804,Elkview Coal Corp. Central Lab,ALS Global
E309066,,Unknown,MICHEL CREEK D/S COAL MTN,,,,2,21,49.606468,114.792506,,20160907130000,20160907130100,2,45,"Kootenay, Cranbrook",Fraser Environmental Services
E309911,,Teck,GREENHILLS CREEK D/S OF SED POND DECANT (GH_GH2),,107517,DISCHARGE,2,21,50.041854,114.858648,,20171025130500,20230608095000,197,6667,Elkview Coal Corp. Central Lab,ALS Global
E310168,,Teck,MICHEL CREEK U/S OF BODIE AND GATE CREEK,,107517,DOWNCURRENT/DOWNWIND,2,21,49.730371,114.857616,,20171115,20230626081500,712,26901,Elkview Coal Corp. Central Lab,ALS Global
E320693,,Teck,FR_FR3 FORDING RIVER UPSTREAM OF FRO AWTF-S OUTFALL STRUCTURE,,107517,PERMIT IMPACT ASSESSMENT,2,21,50.160255,114.87018,,20220705155900,20230609100500,44,1243,NA,NA
E320695,,Teck,FR_SCOUTDS FORDING RIVER DOWNSTREAM OF FRO AWTF-S OUTFALL STRUCTURE,,107517,PERMIT IMPACT ASSESSMENT,2,21,50.159142,114.867678,,20200429120400,20230630090000,510,13231,Elkview Coal Corp. Central Lab,ALS Global
E321331,,Teck,GH_CA04,,107517,PERMIT IMPACT ASSESSMENT,2,21,50.044692,114.855476,,20221003105200,20230619095300,53,1749,NA,NA
E321814,,Teck,ERICKSON CREEK IMMEDIATELY D/S OF EVO SRF OUTFALL (EV_ECOUT),,107517,INITIAL DILUTION ZONE,2,21,49.687917,114.770083,,20201201112000,20230628080000,564,14143,Elkview Coal Corp. Central Lab,ALS Global
E326357,,Teck,FORDING RIVER DOWNSTREAM OF CLODE PONDS DISCHARGE,,107517,PERMIT IMPACT ASSESSMENT,2,21,50.208165,114.885829,,20220919090000,20230627130000,84,2611,NA,NA
E326771,,Teck,MICHEL CR. U/S CMO (RG_MI25),,107517,PERMIT IMPACT ASSESSMENT,1,21,49.474853,114.677852,,20210913130000,20230619150000,31,573,Elkview Coal Corp. Central Lab,Brooks Applied Labs
E326772,,Teck,LEACH CR. NEAR MOUTH (RG_LE1),,107517,PERMIT IMPACT ASSESSMENT,1,21,49.578518,114.791553,,20220916090000,20220916110000,5,88,NA,NA
E326773,,Teck,"ANDY GOOD CR., U/S COAL MOUNTAIN MINE (RG_AGCK)",,107517,PERMIT IMPACT ASSESSMENT,1,21,49.527495,114.684453,,20220915090000,20220915152800,8,90,NA,NA
E326774,,Teck,"ALEXANDER CR., NEAR BEND TO WEST (RG_ALUSM)",,107517,PERMIT IMPACT ASSESSMENT,1,21,49.654874,114.734793,,20210912130000,20230619134500,50,1025,Elkview Coal Corp. Central Lab,Brooks Applied Labs
E326775,,Teck,"HENRETTA CR., U/S FRO (RG_HENUP)",,107517,PERMIT IMPACT ASSESSMENT,1,21,50.240891,114.813569,,20210616084000,20230613100000,13,200,Elkview Coal Corp. Central Lab,Brooks Applied Labs
E326776,,Teck,FORDING R. U/S HENRETTA CR. AND FRO (RG_FO26),,107517,PERMIT IMPACT ASSESSMENT,1,21,50.258742,114.852444,,20210614084300,20230612094500,19,296,Elkview Coal Corp. Central Lab,Brooks Applied Labs
E326777,,Teck,SOUTH LINE CR. U/S LCO (RG_SLINE),,107517,PERMIT IMPACT ASSESSMENT,1,21,49.913055,114.755593,,20210426141100,20230418091500,47,756,Elkview Coal Corp. Central Lab,ALS Global
E326778,,Teck,"LINE CR., SOUTH FORK U/S LCO (RG_LI24)",,107517,PERMIT IMPACT ASSESSMENT,1,21,49.97584,114.737441,,20210426111000,20230419112000,47,758,Elkview Coal Corp. Central Lab,ALS Global
E326779,,Teck,"WIGWAM R., LOWER RIVER (RG_WWRL)",,107517,PERMIT IMPACT ASSESSMENT,1,21,49.264989,114.9916,,20220915090000,20220915140000,7,96,NA,NA
E326780,,Teck,"UNNAMED CREEK, WEST SIDE ELK R. (RG_UCWER)",,107517,PERMIT IMPACT ASSESSMENT,1,21,50.124881,114.947413,,20220915090000,20220915160000,7,95,NA,NA
E326781,,Teck,ELK R. U/S BRANCH CR. AND GHO (RG_ELUGH),,107517,PERMIT IMPACT ASSESSMENT,1,21,50.153991,114.949107,,20210910143000,20220919120000,9,105,Elkview Coal Corp. Central Lab,Brooks Applied Labs
E326782,,Teck,CHAUNCEY CR. U/S RAIL BRIDGE (RG_CHCK),,107517,PERMIT IMPACT ASSESSMENT,1,21,50.107754,114.818198,,20220910090000,20220915110000,7,95,NA,NA
E326783,,Teck,MICHEL CR. U/S LEACH CR. (RG_MIULE),,107517,PERMIT IMPACT ASSESSMENT,2,21,49.568761,114.779987,,20220912090000,20220912155000,5,87,NA,NA
E326784,,Teck,MICHEL CR. U/S CORBIN CR. (RG_MIUCO),,107517,PERMIT IMPACT ASSESSMENT,2,21,49.509196,114.676309,,20220914110000,20220914130000,5,87,NA,NA
E326785,,Teck,"MICHEL CR. D/S CORBIN CR., U/S ANDY GOOD CR. (RG_MIDCO)",,107517,PERMIT IMPACT ASSESSMENT,2,21,49.517929,114.682058,,20220908110400,20220913161700,9,175,NA,NA
E326786,,Teck,MICHEL CR. D/S ANDY GOOD CR. (RG_MIDAG),,107517,PERMIT IMPACT ASSESSMENT,2,21,49.534693,114.715751,,20220816102000,20220913111500,16,515,NA,NA
E326787,,Teck,MICHEL CR. U/S WHEELER CR. (RG_MI5),,107517,PERMIT IMPACT ASSESSMENT,2,21,49.600709,114.79246,,20220912090000,20220912122000,5,88,NA,NA
E326788,,Teck,CORBIN CR. NEAR MOUTH AND D/S CMO (RG_CORCK),,107517,PERMIT IMPACT ASSESSMENT,2,21,49.515764,114.671024,,20220914090000,20220914144500,5,88,NA,NA
E326789,,Teck,GATE CR. D/S SETTLING POND (RG_GATEDP),,107517,PERMIT IMPACT ASSESSMENT,2,21,49.715754,114.840563,,20210916110000,20230619123000,80,1354,Elkview Coal Corp. Central Lab,Brooks Applied Labs
E326790,,Teck,ERICKSON CR. U/S EVO SRF OUTFALL (RG_ERCKUT),,107517,PERMIT IMPACT ASSESSMENT,2,21,49.689664,114.770212,,20210915153000,20230620121500,117,1600,Elkview Coal Corp. Central Lab,Brooks Applied Labs
E326792,,Teck,MICHEL CR. D/S GATE CR. (RG_MIDGA),,107517,PERMIT IMPACT ASSESSMENT,2,21,49.716415,114.841768,,20210911153000,20230622134500,80,1441,Elkview Coal Corp. Central Lab,Brooks Applied Labs
E326793,,Teck,MICHEL CR. D/S ERICKSON CR. (RG_MIDER),,107517,PERMIT IMPACT ASSESSMENT,2,21,49.678558,114.789144,,20210909143500,20230622084500,79,1354,Elkview Coal Corp. Central Lab,Brooks Applied Labs
E326794,,Teck,MICHEL CR. D/S BODIE CR. (RG_MIDBO),,107517,PERMIT IMPACT ASSESSMENT,2,21,49.720744,114.846724,,20210911113000,20230622123000,77,1438,Elkview Coal Corp. Central Lab,Brooks Applied Labs
E326795,,Teck,MICHEL CR. AT LOWER MICHEL CR. COMPLIANCE POINT (RG_MICOMP),,107517,PERMIT IMPACT ASSESSMENT,2,21,49.73043,114.857772,,20210913160000,20230620133000,97,1377,Elkview Coal Corp. Central Lab,Brooks Applied Labs
E326796,,Teck,MICHEL CR. U/S ERICKSON CR. (RG_MI3),,107517,PERMIT IMPACT ASSESSMENT,2,21,49.676507,114.781613,,20210910160000,20230622103000,101,2517,Elkview Coal Corp. Central Lab,Brooks Applied Labs
E326798,,Teck,ERICKSON CR. NEAR MOUTH (RG_ERCK),,107517,PERMIT IMPACT ASSESSMENT,2,21,49.677887,114.783255,,20210910113000,20230621113000,84,1449,Elkview Coal Corp. Central Lab,Brooks Applied Labs
E326799,,Teck,BODIE CR. D/S BODIE POND (RG_BOCK),,107517,PERMIT IMPACT ASSESSMENT,2,21,49.718876,114.842062,,20210916092000,20230619100000,74,1081,Elkview Coal Corp. Central Lab,Brooks Applied Labs
E326800,,Teck,FORDING R. U/S HENRETTA CR. AND FRO (RG_UFR1),,107517,PERMIT IMPACT ASSESSMENT,2,21,50.233488,114.877096,,20210615081500,20230612113000,33,395,Elkview Coal Corp. Central Lab,Brooks Applied Labs
E326801,,Teck,FORDING RIVER SIDE CHANNEL 2 BEGINNING D/S OF FRCP1SW (RG_FRSCH2),,107517,PERMIT IMPACT ASSESSMENT,2,21,50.133683,114.851262,,20210915080000,20230615093000,34,404,Elkview Coal Corp. Central Lab,Brooks Applied Labs
E326802,,Teck,GREENHOUSE SIDE CHANNEL CONNECTING WITH FORDING R. D/S OF FRUPO (RG_FRGHSC),,107517,PERMIT IMPACT ASSESSMENT,2,21,50.138724,114.849077,,20210919150000,20230615124500,35,398,Elkview Coal Corp. Central Lab,Brooks Applied Labs
E326803,,Teck,FORDING RIVER U/S OF EAGLE PIT POND DECANT. (FR_FRABEC1),,107517,PERMIT IMPACT ASSESSMENT,2,21,50.198842,114.882137,,20220414112500,20230626143000,36,1524,NA,NA
E326804,,Teck,"FORDING R. D/S SWIFT BRIDGE, D/S FRO AWTF-S, U/S KIMARNOCK (RG_SCOUTDS)",,107517,PERMIT IMPACT ASSESSMENT,2,21,50.159208,114.868193,,20210616100000,20230613123000,60,615,Elkview Coal Corp. Central Lab,Brooks Applied Labs
E326805,,Teck,FORDING R. D/S MULTIPLATE CULVERT (RG_MP1),,107517,PERMIT IMPACT ASSESSMENT,2,21,50.194892,114.882017,,20210614153000,20230612103000,30,399,Elkview Coal Corp. Central Lab,Brooks Applied Labs
E326806,,Teck,FORDING RIVER D/S HISTORICAL COMPLIANCE POINT (1KM SOUTHWEST) (RG_FRCP1SW),,107517,PERMIT IMPACT ASSESSMENT,2,21,50.138227,114.853326,,20210617115600,20230615083000,23,301,Elkview Coal Corp. Central Lab,Brooks Applied Labs
E326807,,Teck,FORDING R. U/S SHANDLEY CR. (RG_FOUSH),,107517,PERMIT IMPACT ASSESSMENT,2,21,50.181737,114.886732,,20210615113600,20230612113000,32,565,Elkview Coal Corp. Central Lab,Brooks Applied Labs
E326808,,Teck,FORDING R. U/S LAKE MOUNTAIN CREEK (RG_FOUNGD),,107517,PERMIT IMPACT ASSESSMENT,2,21,50.2047,114.885704,,20210615124600,20230614093000,31,478,Elkview Coal Corp. Central Lab,Brooks Applied Labs
E326809,,Teck,FORDING R. U/S KILMARNOCK CR.  (RG_FOUKI),,107517,PERMIT IMPACT ASSESSMENT,2,21,50.171614,114.873201,,20210617081500,20230612130000,35,405,Elkview Coal Corp. Central Lab,Brooks Applied Labs
E326810,,Teck,"FORDING R. D/S CHAUNCEY CR., U/S EWIN CR. (RG_FOUEW)",,107517,PERMIT IMPACT ASSESSMENT,2,21,50.098571,114.813483,,20210618110000,20230614083000,28,315,Elkview Coal Corp. Central Lab,Brooks Applied Labs
E326811,,Teck,FORDING R. U/S CLODE CREEK  (RG_FOUCL),,107517,PERMIT IMPACT ASSESSMENT,2,21,50.212746,114.886427,,20210614132000,20230626134000,63,1754,Elkview Coal Corp. Central Lab,Brooks Applied Labs
E326812,,Teck,"FORDING R. D/S PORTER CR., U/S CHAUNCEY CR. (RG_FODPO)",,107517,PERMIT IMPACT ASSESSMENT,2,21,50.128053,114.846925,,20210617150000,20230615110000,35,405,Elkview Coal Corp. Central Lab,Brooks Applied Labs
E326813,,Teck,FORDING R. D/S LAKE MOUNTAIN CK  (OLD N. GREENHILLS DIVERSION) (RG_FODNGD),,107517,PERMIT IMPACT ASSESSMENT,2,21,50.201684,114.885571,,20210616131700,20230614104500,29,317,Elkview Coal Corp. Central Lab,Brooks Applied Labs
E326814,,Teck,FORDING R. D/S HENRETTA CR. (RG_FODHE),,107517,PERMIT IMPACT ASSESSMENT,2,21,50.222365,114.87874,,20210614142000,20230612130000,20,296,Elkview Coal Corp. Central Lab,Brooks Applied Labs
E326815,,Teck,FORDING R. D/S GHO AND GREENHILLS CR. (RG_FODGH),,107517,PERMIT IMPACT ASSESSMENT,2,21,50.043379,114.863776,,20210917143000,20220918130100,14,117,Elkview Coal Corp. Central Lab,Brooks Applied Labs
E326816,,Teck,"FORDING R. D/S RG_SCOUTDS, U/S HISTORICAL COMPLIANCE POINT (RG_FOBSC)",,107517,PERMIT IMPACT ASSESSMENT,2,21,50.156526,114.867137,,20210617133000,20230613144300,63,1021,Elkview Coal Corp. Central Lab,Brooks Applied Labs
E326817,,Teck,"FORDING R. U/S SWIFT BRIDGE, U/S FRO AWTF-S (RG_FOBKS)",,107517,PERMIT IMPACT ASSESSMENT,2,21,50.160947,114.870818,,20210616135000,20230614120000,46,597,Elkview Coal Corp. Central Lab,Brooks Applied Labs
E326818,,Teck,FORDING R. AT HISTORICAL FRO COMPLIANCE POINT (RG_FOBCP),,107517,PERMIT IMPACT ASSESSMENT,2,21,50.147112,114.860501,,20210617094500,20230614133000,27,312,Elkview Coal Corp. Central Lab,Brooks Applied Labs
E326819,,Teck,FORDING R. U/S CHAUNCEY CR. (RG_FO22),,107517,PERMIT IMPACT ASSESSMENT,2,21,50.113781,114.83408,,20210618084300,20230612144500,37,413,Elkview Coal Corp. Central Lab,Brooks Applied Labs
E326821,,Teck,DRY CR. 1.6 KM D/S SEDIMENT PONDS OUTLET (LC_DC4),,107517,PERMIT IMPACT ASSESSMENT,2,21,50.021534,114.805688,,20210106104400,20230628114000,370,11498,Elkview Coal Corp. Central Lab,ALS Global
E326823,,Teck,DRY CR. APPROX. 0.6 KM D/S SEDIMENT PONDS OUTLET (LC_DC2),,107517,PERMIT IMPACT ASSESSMENT,2,21,50.014578,114.802194,,20210106111000,20230626123000,331,10211,Elkview Coal Corp. Central Lab,ALS Global
E326826,,Teck,FORDING R. U/S OF DRY CR. (LC_FRB),,107517,PERMIT IMPACT ASSESSMENT,2,21,50.039008,114.817434,,20220406121000,20230627103000,85,2548,NA,NA
E326829,,Teck,"LINE CR. D/S LC_WTF_OUT, 50 M D/S CONTINGENCY POND DISCHARGE (RG_LISP24)",,107517,PERMIT IMPACT ASSESSMENT,2,21,49.911592,114.775831,,20210427142000,20230417132500,46,832,Elkview Coal Corp. Central Lab,ALS Global
E326830,,Teck,LINE CR. D/S COMPLIANCE POINT (RG_LIDCOM),,107517,PERMIT IMPACT ASSESSMENT,2,21,49.899819,114.797122,,20210429083000,20230419144000,47,836,Elkview Coal Corp. Central Lab,ALS Global
E326831,,Teck,LINE CR. D/S WEST LINE CR. AND AWTF OUTFALL (RG_LILC3),,107517,PERMIT IMPACT ASSESSMENT,2,21,49.91737,114.772263,,20210427122000,20230417104500,48,839,Elkview Coal Corp. Central Lab,ALS Global
E326832,,Teck,LINE CR. D/S SOUTH LINE (RG_LIDSL),,107517,PERMIT IMPACT ASSESSMENT,2,21,49.906436,114.781361,,20210427083700,20221129142900,33,240,Elkview Coal Corp. Central Lab,ALS Global
E326833,,Teck,LINE CR. CANYON (RG_LI8),,107517,PERMIT IMPACT ASSESSMENT,2,21,49.892857,114.835842,,20210428144000,20230418124000,42,754,Elkview Coal Corp. Central Lab,ALS Global
E326834,,Teck,"LINE CR. D/S ROCK DRAIN, U/S WEST LINE CR. AND AWTF OUTFALL (RG_LCUT)",,107517,PERMIT IMPACT ASSESSMENT,2,21,49.92021,114.769304,,20210427102200,20230418103000,48,840,Elkview Coal Corp. Central Lab,ALS Global
E326835,,Teck,"FORDING R. D/S GRACE CR., U/S LINE CR.  (RG_FRUL)",,107517,PERMIT IMPACT ASSESSMENT,2,21,49.903902,114.847827,,20210428094000,20230419090000,49,841,Elkview Coal Corp. Central Lab,ALS Global
E326836,,Teck,FORDING R. D/S LINE CREEK (RG_FO23),,107517,PERMIT IMPACT ASSESSMENT,2,21,49.887914,114.872513,,20210428115000,20230418143000,45,842,Elkview Coal Corp. Central Lab,ALS Global
E326837,,Teck,"THOMPSON CR., LOWER CREEK (RG_THCK)",,107517,PERMIT IMPACT ASSESSMENT,2,21,50.085843,114.922645,,20210909150000,20221213153000,12,349,Elkview Coal Corp. Central Lab,Brooks Applied Labs
E326838,,Teck,ELK R. SIDE CHANNEL D/S  THOMPSON CR. (RG_SCDTC),,107517,PERMIT IMPACT ASSESSMENT,2,21,50.080237,114.928059,,,,0,0,,
E326839,,Teck,MICHEL CR. D/S EVO AND AQUEDUCT CREEK (RG_MI2),,107517,PERMIT IMPACT ASSESSMENT,2,21,49.732869,114.868573,,20220908090000,20220909140000,7,96,NA,NA
E326840,,Teck,"KILMARNOCK CR. D/S OF ROCK DRAIN, U/S ROAD CROSSING (RG_KICK)",,107517,PERMIT IMPACT ASSESSMENT,2,21,50.171127,114.85898,,20210914121500,20220915140000,9,106,Elkview Coal Corp. Central Lab,Brooks Applied Labs
E326841,,Teck,HENRETTA CR. D/S HENRETTA LAKE (RG_HENFO),,107517,PERMIT IMPACT ASSESSMENT,2,21,50.230908,114.865867,,20220908090000,20220908110000,7,96,NA,NA
E326842,,Teck,HARMER CR. U/S HARMER POND (RG_HACKUS),,107517,PERMIT IMPACT ASSESSMENT,2,21,49.820567,114.80078,,20210911093000,20220912211000,9,105,Elkview Coal Corp. Central Lab,Brooks Applied Labs
E326843,,Teck,HARMER CR. D/S DAM/SPILLWAY AT D/S END OF HARMER POND (RG_HACKDS),,107517,PERMIT IMPACT ASSESSMENT,2,21,49.831446,114.817127,,20211004140000,20220913130000,13,115,Elkview Coal Corp. Central Lab,Brooks Applied Labs
E326844,,Teck,GRAVE CR. NEAR MOUTH AT ELK R. (RG_GRDS),,107517,PERMIT IMPACT ASSESSMENT,2,21,49.84326,114.856823,,20210911140000,20220918110000,9,106,Elkview Coal Corp. Central Lab,Brooks Applied Labs
E326845,,Teck,GREENHILLS CR. D/S GREENHILLS POND (RG_GHCKD),,107517,PERMIT IMPACT ASSESSMENT,2,21,50.042929,114.855485,,20210911115000,20220915134000,12,112,Elkview Coal Corp. Central Lab,Brooks Applied Labs
E326846,,Teck,FORDING R. D/S EWIN CR.  (RG_FODEW),,107517,PERMIT IMPACT ASSESSMENT,2,21,50.052399,114.812481,,,,0,0,,
E326847,,Teck,FISH POND CR. NEAR MOUTH (RG_FC1),,107517,PERMIT IMPACT ASSESSMENT,2,21,50.215214,114.88458,,20220908090000,20220908153000,3,86,NA,NA
E326848,,Teck,ELK RIVER SIDE CHANNEL D/S OF WOLFRAM CR. (RG_ERSC5),,107517,PERMIT IMPACT ASSESSMENT,2,21,50.089258,114.926985,,20220912090000,20220914121000,8,105,NA,NA
E326849,,Teck,ELK R. SIDE CHANNEL U/S  WOLFRAM CR. (RG_ERSC4),,107517,PERMIT IMPACT ASSESSMENT,2,21,50.107108,114.928774,,20220920090000,20220920120000,8,104,NA,NA
E326850,,Teck,"ELK R. D/S GHO, U/S FORDING R. AND U/S BOIVIN CR. (RG_ELUEL)",,107517,PERMIT IMPACT ASSESSMENT,2,21,50.036544,114.917777,,20220921090000,20220921130000,11,105,NA,NA
E326851,,Teck,ELK R. U/S HWY 93 BRIDGE AND ELK R. MOUTH AT KOOCANUSA RESERVOIR (RG_ELH93),,107517,PERMIT IMPACT ASSESSMENT,2,21,49.179682,115.166929,,20210915153000,20220914160000,9,106,Elkview Coal Corp. Central Lab,Brooks Applied Labs
E326852,,Teck,ELK R. U/S ELKO (RG_ELELKO),,107517,PERMIT IMPACT ASSESSMENT,2,21,49.306471,115.081678,,20210914144500,20220910130000,13,116,Elkview Coal Corp. Central Lab,Brooks Applied Labs
E326853,,Teck,ELK R. D/S FERNIE (RG_ELDFE),,107517,PERMIT IMPACT ASSESSMENT,2,21,49.4529,115.066806,,20220909090000,20220909130000,7,95,NA,NA
E326854,,Teck,ELK R. D/S THOMPSON CR. AND GHO (RG_EL20),,107517,PERMIT IMPACT ASSESSMENT,2,21,50.070219,114.915634,,20210912080000,20220921120000,13,115,Elkview Coal Corp. Central Lab,Brooks Applied Labs
E326855,,Teck,"ELK R. D/S FORDING R., U/S GRAVE CR.  (RG_EL19)",,107517,PERMIT IMPACT ASSESSMENT,2,21,49.865268,114.868805,,20220912090000,20220912130000,11,105,NA,NA
E326856,,Teck,"ELK R. D/S SPARWOOD & MICHEL CR., D/S EV_ER1 (RG_EL1)",,107517,PERMIT IMPACT ASSESSMENT,2,21,49.710032,114.896262,,20220913090000,20220913150000,11,106,NA,NA
E326857,,Teck,CLODE CR. NEAR MOUTH (RG_CLODE),,107517,PERMIT IMPACT ASSESSMENT,2,21,50.211551,114.885303,,20210917090000,20230516103000,14,208,Elkview Coal Corp. Central Lab,Brooks Applied Labs
E326858,,Teck,BALMER CR. AT CFI ROAD (RG_BACK),,107517,PERMIT IMPACT ASSESSMENT,2,21,49.789827,114.87341,,20210913160000,20220914120000,9,106,Elkview Coal Corp. Central Lab,Brooks Applied Labs
E326860,,Teck,FORDING RIVER D/S OF MULTIPLATE (FR_MULTIPLATE),,107517,PERMIT IMPACT ASSESSMENT,2,21,50.194892,114.882017,,20210223,20230630100800,110,3401,Elkview Coal Corp. Central Lab,ALS Global
E326877,,Teck,HARMER RESERVOIR UPSTREAM OF THE RESERVOIR INLET (EV_HASP_US),,107517,PERMIT IMPACT ASSESSMENT,2,21,49.829404,114.813928,,20210828154000,20230606150000,104,1793,Elkview Coal Corp. Central Lab,ALS Global
E327471,,Teck,MICHEL CREEK BELOW ERICKSON CREEK (EV_MC3A),,107517,PERMIT IMPACT ASSESSMENT,1,21,49.67901,114.789276,,20220427150000,20230606102000,33,1382,NA,NA
E327851,,Teck,ERICKSON CR. D/S EVO SRF OUTFALL (RG_ERCKDT),,107517,PERMIT IMPACT ASSESSMENT,2,21,49.689663,114.770143,,20210915090900,20230621083000,126,1609,Elkview Coal Corp. Central Lab,Brooks Applied Labs
E328012,,Teck,DOWNSTREAM OF HARMER CREEK ON GRAVE CREEK (EV_HASP_DS5),,107517,CONTROL,2,21,49.831471,114.823245,,20210829090900,20210829090900,1,9,Elkview Coal Corp. Central Lab,Brooks Applied Labs
E328013,,Teck,UPSTREAM OF UNNAMED CREEK IN HARMER CREEK (EV_HASP_DS6),,107517,PERMIT IMPACT ASSESSMENT,2,21,49.844869,114.849462,,,,0,0,,
E328014,,Teck,UPSTREAM OF GREENHILLS (GH_GH1SP_DS5),,107517,PERMIT IMPACT ASSESSMENT,2,21,50.04128,114.85824,,20220908150000,20220908150000,1,11,NA,NA
E328964,,Teck,BETWEEN SRF OUTFALL AND CONFLUENCE OF ERICKSON AND MICHEL CK (RG_ERCKMD ),,107517,PERMIT IMPACT ASSESSMENT,2,21,49.682486,114.772593,,20220302133000,20230620101000,110,1478,NA,NA
E328965,,Teck,ERICKSON CREEK BRIDGE D/S OF THE ERICKSON INFILTRATION GALLERY (RG_ERCKBR),,107517,PERMIT IMPACT ASSESSMENT,2,21,49.688656,114.770162,,20220428020000,20220920114700,14,196,NA,NA
E328966,,Teck,ERICKSON CREEK INFILTRATION GALLERY (RG_ERCKIG),,107517,PERMIT IMPACT ASSESSMENT,2,21,49.688817,114.770126,,20220428083000,20220428120200,6,97,NA,NA
E328967,,Teck,ERICKSON CREEK UPSTREAM OF THE MICHEL CREEK CONFLUENCE. (RG_ERCKUC),,107517,PERMIT IMPACT ASSESSMENT,2,21,49.677967,114.783169,,20220428020000,20230621122000,79,1354,NA,NA
E328968,,Teck,BODIE ROCK DRAIN OUTLET UPSTREAM OF BODIE CREEK CONTROL POND (RG_BOCKRD),,107517,PERMIT IMPACT ASSESSMENT,2,21,49.718111,114.837212,,20220412105000,20230619083000,105,1566,NA,NA
E329874,,Teck,SNYE ALONG FORDING RIVER (RG_SAFR),Snye along Fording River. Teck Coal,107517,PERMIT IMPACT ASSESSMENT,2,21,50.12733,114.843389,,20220806103200,20220806103200,3,94,NA,NA
E329882,,Teck,UPPER ELK RIVER OXBOW (RG_EROU),Upper Elk River oxbow. Teck Coal,107517,PERMIT IMPACT ASSESSMENT,2,21,49.901851,114.878084,,20220806123400,20220806123400,3,93,NA,NA
E329883,,Teck,"ELK RIVER SIDE CHANNEL, WITHIN THE WETLAND D/S OF THOMPSON CK (RG_GH-SCW3)","Elk River Side Channel, within the wetland d/s of Thompson Ck. Teck Coal",107517,PERMIT IMPACT ASSESSMENT,2,21,50.085271,114.926361,,20220811105200,20220811105200,3,93,NA,NA
E329889,,Teck,ELK RIVER SIDE-CHANNEL NEAR EVO (RG_ERWCO),Elk River side-channel near EVO,107517,PERMIT IMPACT ASSESSMENT,2,21,49.8008,114.88067,,20220812075500,20220812075500,3,94,NA,NA
E329897,,Teck,DOMIN ROAD SNYE (RG_DOMRS),Domin Road snye. Teck Coal,107517,PERMIT IMPACT ASSESSMENT,2,21,49.38352,115.011919,,20220805141000,20220805141000,3,93,NA,NA
E329899,,Teck,REACH 10 OF UPPER GREENHILLS CK (RG_GHUT),Biological Monitoring Area in Reach 10 of Upper Greenhills Creek. Teck Coal,107517,PERMIT IMPACT ASSESSMENT,1,21,50.081808,114.845405,,20210913093000,20220915110000,9,106,Elkview Coal Corp. Central Lab,Brooks Applied Labs
E329900,,Teck,REACH 9 OF UPPER GREENHILLS CK (RG_GHNF),Biological Monitoring Area in Reach 9 of Upper Greenhills Creek. Teck Coal,107517,PERMIT IMPACT ASSESSMENT,2,21,50.073722,114.842511,,20210910104500,20220910110000,9,104,Elkview Coal Corp. Central Lab,Brooks Applied Labs
E329901,,Teck,REACH 7 OF UPPER GREENHILLS CK D/S OF PROPOSED AAS (RG_GHDT),Biological Monitoring Area in Reach 7 of Upper Greenhills Creek Downstream from Proposed Antiscalant Addition Facility. Teck Coal,107517,PERMIT IMPACT ASSESSMENT,2,21,50.061771,114.844151,,20220916085500,20220916110000,8,104,NA,NA
E329902,,Teck,REACH 6 OF UPPER GREENHILLS CK D/S OF GARDINE CREEK (RG_GHFF),Biological Monitoring Area in Reach 6 of Upper Greenhills Creek Downstream from Gardine Creek. Teck Coal,107517,PERMIT IMPACT ASSESSMENT,2,21,50.057002,114.846502,,20210909113600,20220909110000,9,106,Elkview Coal Corp. Central Lab,Brooks Applied Labs
E329904,,Teck,REACH 2 OF LOWER GREENHILLS CK D/S OF FORDING MINE RD (RG_GHBP),Biological Monitoring Area in Reach 2 of Lower Greenhills Creek Downstream from the Fording Mine Road. Teck Coal,107517,PERMIT IMPACT ASSESSMENT,2,21,50.043122,114.8557,,20210913150500,20230515091500,15,202,Elkview Coal Corp. Central Lab,Brooks Applied Labs
E329905,,Teck,REACH 4 OF GARDINE CREEK U/S FROM GHO CCR (RG_GAUT),Biological Monitoring Area in Reach 4 of Gardine Creek Upstream from GHO Coarse Coal Rejects Seeps. Teck Coal,107517,PERMIT IMPACT ASSESSMENT,2,21,50.072844,114.855353,,20210916120000,20220914110000,9,106,Elkview Coal Corp. Central Lab,Brooks Applied Labs
E329906,,Teck,REACH 1 OF GARDINE CK U/S UPPER GREENHILLS CK D/S GHO CCR (RG_GANF),Biological Monitoring Area in Reach 1 of Gardine Creek Upstream from the confluence with Upper Greenhills Creekand downstream from the GHO Coarse Coal Rejects Seeps. Teck Coal,107517,PERMIT IMPACT ASSESSMENT,2,21,50.062007,114.844294,,20210915123000,20220913110000,9,105,Elkview Coal Corp. Central Lab,Brooks Applied Labs
E329907,,Teck,GRASSY CREEK  (RG_GRASSY),Grassy Creek. Teck Coal,107517,PERMIT IMPACT ASSESSMENT,2,21,50.206352,114.884061,,20210917140000,20220916080000,4,95,Elkview Coal Corp. Central Lab,Brooks Applied Labs
E329908,,Teck,WEST EXFILTRATION DITCH (RG_WED),West Exfiltration Ditch. Teck Coal,107517,PERMIT IMPACT ASSESSMENT,2,21,50.208511,114.886012,,20210917114500,20221206132000,19,207,Elkview Coal Corp. Central Lab,Brooks Applied Labs
E329956,,Teck,DOWNSTREAM OF GREENHILLS CREEK IN THE FORDING RIVER (GH_GH1SP_DS6),Downstream of Greenhills Creek in the Fording River. Teck Coal Ltd.,107517,PERMIT IMPACT ASSESSMENT,2,21,50.041726,114.859994,,20220908153000,20220908153000,1,11,NA,NA
E330533,,Teck,ELK RIVER U/S OF W. FERNIE HWY 3 BRIDGE. (RG_ELKFERNIE),Elk River u/s of W. Fernie HWY 3 bridge. (RG_ELKFERNIE). Teck Coal,107517,PERMIT IMPACT ASSESSMENT,2,21,49.504458,115.069761,,20150106163000,20230627115500,426,19217,Elkview Coal Corp. Central Lab,ALS Global
E330651,,Teck,FORDING RIVER D/S OF THE FRO AWTF-S OUTFALL AND U/S OF RG_SCOUTDS,Fording River d/s of the FRO AWTF-S outfall and u/s of RG_SCOUTDS (RG_SCDSB). Teck Coal. FRO LAEMP,107517,PERMIT IMPACT ASSESSMENT,2,21,50.160039,114.869879,,20221208100500,20230613133000,8,99,NA,NA
E330756,,Teck,HARMER CREEK DOWNSTREAM OF THE HARMER DAM (EV_HCDSDAM),Harmer Creek Downstream of the Harmer Dam. Teck Coal. SeSMP,107517,PERMIT IMPACT ASSESSMENT,2,21,49.830752,114.81848,,20220405084000,20230322125000,14,126,NA,NA
E330757,,Teck,UPSTREAM OF THE INLET TO DRY CREEK (EV_DC2A),Upstream of the inlet to Dry Creek. Teck Coal. SeSMP,107517,PERMIT IMPACT ASSESSMENT,2,21,49.786855,114.787246,,20220404125500,20220818094500,8,72,NA,NA
E330758,,Teck,D/S OF EVO DRY CREEK OUTFALL LOCATION (EV_DCOUT),D/s of EVO Dry Creek Outfall Location. Teck Coal. SeSMP,107517,PERMIT IMPACT ASSESSMENT,2,21,49.789329,114.78491,,20220908142000,20220908142000,1,9,NA,NA